"Product ID";Imagen;Nombre;Referencia;Categoría;"Precio (imp. excl.)";"Precio (imp. incl.)";Cantidad;Estado;Posición
9606;https://subirananadons.com/19983/gorro-jirafa.jpg;"Gorro Jirafa";P;"Ropa bebé";3.264463;3.95;-2;1
9266;https://subirananadons.com/19013/toallita-de-lactancia-de-bambú-canalé-beige.jpg;"Toallita de lactancia de bambú Canalé Beige";P150;"Kits higiene y cosmética";6.528926;7.9;-1;1
9337;https://subirananadons.com/19895/toallita-de-lactancia-de-bambú-diente-de-león.jpg;"Toallita de lactancia de bambú Diente de León";P150;"Kits higiene y cosmética";6.528926;7.9;0;1
9472;https://subirananadons.com/21106/toallita-de-lactancia-de-bambú-aina.jpg;"Toallita de lactancia de bambú Aina";P150;"Kits higiene y cosmética";6.528926;7.9;0;1
9525;https://subirananadons.com/19627/toallita-de-lactancia-de-bambú-birds.jpg;"Toallita de lactancia de bambú Birds";P150;"Kits higiene y cosmética";6.528926;7.9;0;1
9673;https://subirananadons.com/20290/toallita-de-lactancia-de-bambú-erizos.jpg;"Toallita de lactancia de bambú Erizos";P150;"Kits higiene y cosmética";6.528926;7.9;-1;1
9718;https://subirananadons.com/20479/toallita-de-lactancia-de-bambú-aria.jpg;"Toallita de lactancia de bambú Aria";P150;"Kits higiene y cosmética";6.528926;7.9;0;1
9815;https://subirananadons.com/20996/toallita-de-lactancia-de-bambú-gofre.jpg;"Toallita de lactancia de bambú Gofre";P150;"Kits higiene y cosmética";6.528926;7.9;0;1
9844;https://subirananadons.com/21108/toallita-de-lactancia-de-bambú-victoria-muselina.jpg;"Toallita de lactancia de bambú Victoria Muselina";P150;"Kits higiene y cosmética";6.528926;7.9;0;1
9845;https://subirananadons.com/21110/toallita-de-lactancia-de-bambú-flores-bordadas.jpg;"Toallita de lactancia de bambú Flores Bordadas";P150;"Kits higiene y cosmética";6.528926;7.9;0;1
9389;https://subirananadons.com/18947/chupete-wonder-0-6-meses-grey-clouds.jpg;"Chupete Wonder 0-6 meses Grey Clouds";308371;Chupetes;7.396694;8.95;0;1
9508;https://subirananadons.com/19540/chupete-wonder-0-6-meses-almost-aqua.jpg;"Chupete Wonder 0-6 meses Almost Aqua";308374;Chupetes;7.396694;8.95;0;1
9757;https://subirananadons.com/20707/vaso-tiny-farm-arena.jpg;"Vaso Tiny Farm Arena";1956479;"Botellas y vasos";7.396694;8.95;-1;1
9758;https://subirananadons.com/20711/vaso-tiny-farm-rosa.jpg;"Vaso Tiny Farm Rosa";1956471;"Botellas y vasos";7.396694;8.95;0;1
9863;https://subirananadons.com/21207/bote-doble-s-tiny-farm-azul.jpg;"Bote doble S Tiny Farm Azul";1256892;"Botes y fiambreras";7.396694;8.95;0;1
9864;https://subirananadons.com/21213/bote-doble-s-tiny-farm-rosa.jpg;"Bote doble S Tiny Farm Rosa";1256881;"Botes y fiambreras";7.396694;8.95;0;1
9410;https://subirananadons.com/19023/pack-10-tarjetas-de-contrastes-para-bebés.jpg;"Pack 10 tarjetas de contrastes para bebés";4845007;Varios;8.223140;9.95;-3;1
9438;https://subirananadons.com/19200/bandana-de-rizo-de-bambú-hot-dog.jpg;"Bandana de rizo de bambú Hot Dog";P10;Baberos;8.223140;9.95;-2;1
9568;https://subirananadons.com/19816/juguete-de-agarre-y-mordedor-ozzo.jpg;"Juguete de agarre y mordedor Ozzo";4344709;Mordedores;8.223140;9.95;-1;1
9584;https://subirananadons.com/19890/bandana-de-rizo-de-bambú-zanahorias.jpg;"Bandana de rizo de bambú Zanahorias";P10;Baberos;8.223140;9.95;0;1
9586;https://subirananadons.com/19894/bandana-de-rizo-de-bambú-diente-de-león.jpg;"Bandana de rizo de bambú Diente de León";P10;Baberos;8.223140;9.95;0;1
9588;https://subirananadons.com/19903/bandana-de-rizo-de-bambú-birds.jpg;"Bandana de rizo de bambú Birds";P10;Baberos;8.223140;9.95;0;1
9601;https://subirananadons.com/19946/bandana-de-rizo-de-bambú-gina.jpg;"Bandana de rizo de bambú Gina";P10;Baberos;8.223140;9.95;0;1
9620;https://subirananadons.com/20040/pack-de-3-cucharas-foodie-rosa.jpg;"Pack de 3 cucharas Foodie Rosa";1146511;"Paltos y cubiertos";8.223140;9.95;0;1
9632;https://subirananadons.com/20118/pack-de-3-cucharas-foodie-azul.jpg;"Pack de 3 cucharas Foodie Azul";1146511;"Paltos y cubiertos";8.223140;9.95;0;1
9643;https://subirananadons.com/20172/bandana-de-rizo-de-bambú-melange.jpg;"Bandana de rizo de bambú Melange";P10;Baberos;8.223140;9.95;0;1
9652;https://subirananadons.com/20198/pack-de-3-cucharas-foodie-verde.jpg;"Pack de 3 cucharas Foodie Verde";1146513;"Paltos y cubiertos";8.223140;9.95;-2;1
9669;https://subirananadons.com/21100/bandana-de-rizo-de-bambú-victoria.jpg;"Bandana de rizo de bambú Victoria";P10;Baberos;8.223140;9.95;0;1
9671;https://subirananadons.com/20285/bandana-de-rizo-de-bambú-erizos.jpg;"Bandana de rizo de bambú Erizos";P10;Baberos;8.223140;9.95;-1;1
9730;https://subirananadons.com/20547/bandana-de-rizo-de-bambú-gofre.jpg;"Bandana de rizo de bambú Gofre";P10;Baberos;8.223140;9.95;0;1
9753;https://subirananadons.com/20684/bol-tiny-farm-arena.jpg;"Bol Tiny Farm Arena";1856479;"Paltos y cubiertos";8.223140;9.95;-1;1
9754;https://subirananadons.com/20690/bol-tiny-farm-rosa.jpg;"Bol Tiny Farm Rosa";1856431;"Paltos y cubiertos";8.223140;9.95;0;1
9842;https://subirananadons.com/21102/bandana-de-rizo-de-bambú-victoria-muselina.jpg;"Bandana de rizo de bambú Victoria Muselina";P10;Baberos;8.223140;9.95;0;1
9261;https://subirananadons.com/18285/bol-merienda-verde.jpg;"Bol Merienda Verde";1236706;"Botes y fiambreras";9.049587;10.95;-2;1
9283;https://subirananadons.com/18410/taza-con-asas-happy-dots-verde.jpg;"Taza con asas Happy Dots Verde";1936733;"Botellas y vasos";9.049587;10.95;-7;1
9365;https://subirananadons.com/18815/taza-con-asas-happy-dots-azul.jpg;"Taza con asas Happy Dots Azul";1936732;"Botellas y vasos";9.049587;10.95;0;1
9577;https://subirananadons.com/19849/sonajero-anillo-gallina-pequeña-granja.jpg;"Sonajero Anillo Gallina Pequeña Granja";LD8814;Varios;9.049587;10.95;-1;1
9582;https://subirananadons.com/19884/sonajero-anillo-baby-bunny.jpg;"Sonajero Anillo Baby Bunny";LD8852;Varios;9.049587;10.95;0;1
9755;https://subirananadons.com/20697/plato-tiny-farm-arena.jpg;"Plato Tiny Farm Arena";1756899;"Paltos y cubiertos";9.049587;10.95;-1;1
9756;https://subirananadons.com/20702/plato-tiny-farm-rosa.jpg;"Plato Tiny Farm Rosa";1756831;"Paltos y cubiertos";9.049587;10.95;0;1
9759;https://subirananadons.com/20717/taza-con-asas-tiny-farm-rosa.jpg;"Taza con asas Tiny Farm Rosa";1959661;"Botellas y vasos";9.049587;10.95;0;1
9760;https://subirananadons.com/20722/taza-con-asas-tiny-farm-arena.jpg;"Taza con asas Tiny Farm Arena";1959669;"Botellas y vasos";9.049587;10.95;0;1
9770;https://subirananadons.com/20780/mordedores-sheepy-azul.jpg;"Mordedores Sheepy Azul";4359512;Mordedores;9.049587;10.95;0;1
9777;https://subirananadons.com/20818/babero-silicona-pigee-rosa.jpg;"Babero silicona Pigee Rosa";1359481;Baberos;9.049587;10.95;0;1
9778;https://subirananadons.com/20821/babero-silicona-dotti-azul.jpg;"Babero silicona Dotti Azul";1359582;Baberos;9.049587;10.95;0;1
9779;https://subirananadons.com/20825/babero-silicona-sheepy-arena.jpg;"Babero silicona Sheepy Arena";1359689;Baberos;9.049587;10.95;-1;1
9539;https://subirananadons.com/19683/pelota-sensorial-silicona-verde.jpg;"Pelota sensorial Silicona verde";LD2012521;Mordedores;9.504132;11.5;-2;1
9573;https://subirananadons.com/19832/pelota-sensorial-silicona-rosa.jpg;"Pelota sensorial Silicona rosa";LD2012522;Mordedores;9.504132;11.5;-1;1
9269;https://subirananadons.com/18361/gallina-17-cm-pequeña-granja.jpg;"Gallina 17 cm Pequeña Granja";LD8827;"Doudous y peluches";9.876033;11.95;-1;1
9395;https://subirananadons.com/18973/clip-bolitas-silicona-nude.jpg;"Clip bolitas silicona Nude";401524;"Clip chupete";10.289256;12.45;-1;1
9413;https://subirananadons.com/19036/clip-bolitas-silicona-verde.jpg;"Clip bolitas silicona Verde";401521;"Clip chupete";10.289256;12.45;-2;1
9445;https://subirananadons.com/19247/botella-sensorial-sons-monkey.jpg;"Botella sensorial sonidos Monkey";PB47657;"Botellas sensoriales";10.661157;12.9;0;1
9391;https://subirananadons.com/18960/caja-para-chupete-silicona-verde.jpg;"Caja para chupete silicona Verde";401536;"Guarda chupete";10.702479;12.95;-4;1
9412;https://subirananadons.com/19032/botella-con-pajita-280ml-playground-verde.jpg;"Botella con pajita 280ml Playground Verde";1046803;"Botellas y vasos";10.702479;12.95;-2;1
9437;https://subirananadons.com/19196/bandeja-con-compartimentos-croco-verde.jpg;"Bandeja con compartimentos Croco Verde";1736553;"Paltos y cubiertos";10.702479;12.95;-9;1
9452;https://subirananadons.com/19285/bandeja-con-compartimentos-happy-clouds-rosa.jpg;"Bandeja con compartimentos Happy Clouds Rosa";1736501;"Paltos y cubiertos";10.702479;12.95;-3;1
9553;https://subirananadons.com/19766/juego-articulado-madera-croco-verde.jpg;"Juego articulado madera Croco Verde";4344313;Varios;10.702479;12.95;0;1
9564;https://subirananadons.com/19803/funda-casco-antruido-lagoon.jpg;"Funda cascos antruido Lagoon";BANZ1297;"Cascos antiruido";10.702479;12.95;0;1
9598;https://subirananadons.com/19933/babero-happy-clouds-verde.jpg;"Babero Happy Clouds Verde";1333283;Baberos;10.702479;12.95;0;1
9717;https://subirananadons.com/20470/funda-casco-antruido-lagoon.jpg;"Funda cascos antruido Negro";BANZ1297;"Cascos antiruido";10.702479;12.95;-1;1
9735;https://subirananadons.com/20571/mordedores-sensorial-dotti-arena.jpg;"Mordedores sensorial Dotti Arena";4353789;Mordedores;10.702479;12.95;0;1
9736;https://subirananadons.com/20575/mordedores-sensorial-pigee.jpg;"Mordedores sensorial Pigee";4353789;Mordedores;10.702479;12.95;0;1
9750;https://subirananadons.com/20666/bandeja-con-compartimentos-elphee-azul.jpg;"Bandeja con compartimentos Elphee Azul";1756932;"Paltos y cubiertos";10.702479;12.95;0;1
9751;https://subirananadons.com/20672/bandeja-con-compartimentos-tiny-farm-arena.jpg;"Bandeja con compartimentos Tiny Farm Arena";1756989;"Paltos y cubiertos";10.702479;12.95;0;1
9752;https://subirananadons.com/20679/bandeja-con-compartimentos-tiny-farm-rosa.jpg;"Bandeja con compartimentos Tiny Farm Rosa";1756961;"Paltos y cubiertos";10.702479;12.95;0;1
9771;https://subirananadons.com/20785/set-de-cucharas-de-aprendizaje-tiny-farm-arena.jpg;"Set de cucharas de aprendizaje Tiny Farm Arena";1159049;"Paltos y cubiertos";10.702479;12.95;-1;1
9772;https://subirananadons.com/20792/set-de-cucharas-de-aprendizaje-tiny-farm-rosa.jpg;"Set de cucharas de aprendizaje Tiny Farm Rosa";1159041;"Paltos y cubiertos";10.702479;12.95;0;1
9861;https://subirananadons.com/21198/pack-2-botes-tiny-farm-rosa.jpg;"Pack 2 botes Tiny Farm Rosa";1256101;"Botes y fiambreras";10.702479;12.95;0;1
9862;https://subirananadons.com/21202/pack-2-botes-tiny-farm-azul.jpg;"Pack 2 botes Tiny Farm Azul";1256122;"Botes y fiambreras";10.702479;12.95;0;1
9865;https://subirananadons.com/21219/botella-con-pajita-280ml-tiny-farm-azul.jpg;"Botella con pajita 280ml Tiny Farm Azul";1056392;"Botellas y vasos";10.702479;12.95;0;1
9866;https://subirananadons.com/21222/botella-con-pajita-280ml-tiny-farm-rosa.jpg;"Botella con pajita 280ml Tiny Farm Rosa";1056392;"Botellas y vasos";10.702479;12.95;0;1
9788;https://subirananadons.com/20898/tubo-de-drenaje-y-tapón-stokke-flexi-bath.jpg;"Tubo de drenaje y tapón Stokke Flexi Bath";bundle;"Accesorios baño";10.743802;13;0;1
9817;https://subirananadons.com/21001/tetina-happymami-t2l-0-3m.jpg;"Tetina Happymami T2L (0-3m)";T2L;"Biberones y complementos";10.760331;13.02;0;1
9841;https://subirananadons.com/21099/tetina-happymami-t2m-3-6m.jpg;"Tetina Happymami T2M (3-6m)";T2M;"Biberones y complementos";10.760331;13.02;0;1
9859;https://subirananadons.com/21193/tetina-happymami-t2r-6m.jpg;"Tetina Happymami T2R (+6m)";T2R;"Biberones y complementos";10.760331;13.02;0;1
9860;https://subirananadons.com/21195/tetina-happymami-t2c-cereales.jpg;"Tetina Happymami T2C (Cereales)";T2C;"Biberones y complementos";10.760331;13.02;0;1
9444;https://subirananadons.com/19242/botella-sensorial-flotante-fluo-yellow.jpg;"Botella sensorial flotante Fluo Yellow";PB47633;"Botellas sensoriales";10.991736;13.3;0;1
9296;https://subirananadons.com/18463/botella-con-pajita-350ml-lalee-arena.jpg;"Botella con pajita 350ml Lalee Arena";1026319;"Botellas y vasos";11.528926;13.95;-1;1
9306;https://subirananadons.com/18515/sonajero-lalee-arena.jpg;"Sonajero Lalee Arena";4323619;Varios;11.528926;13.95;-2;1
9390;https://subirananadons.com/18950/clip-silicona-wonder-grey-clouds.jpg;"Clip silicona Wonder Grey Clouds";402540;"Clip chupete";11.528926;13.95;0;1
9476;https://subirananadons.com/19396/clip-silicona-wonder-whitecap-grey.jpg;"Clip silicona Wonder Whitecap Grey";402540;"Clip chupete";11.528926;13.95;0;1
9478;https://subirananadons.com/19404/pelota-montessori-baby-bunny.jpg;"Pelota Montessori Baby Bunny";LD8853;Varios;11.528926;13.95;0;1
9513;https://subirananadons.com/19563/clip-silicona-wonder-almost-aqua.jpg;"Clip silicona Wonder Almost Aqua";402542;"Clip chupete";11.528926;13.95;-1;1
9579;https://subirananadons.com/19862/pack-5-cubos-apilables-deer-friends.jpg;"Pack 5 cubos apilables Deer Friends";4845197;Varios;11.528926;13.95;0;1
9749;https://subirananadons.com/20657/jugetes-de-baño-eplhee-rosa.jpg;"Jugetes de baño Eplhee Rosa";4856351;"Accesorios baño";11.528926;13.95;0;1
9830;https://subirananadons.com/21057/pelota-montessori-pequeña-granja.jpg;"Pelota Montessori Pequeña Granja";LD8825;Varios;11.528926;13.95;0;1
9816;https://subirananadons.com/20997/biberón-happymami-150ml-turquesa.jpg;"Biberón Happymami 150ml Turquesa";V1A;"Biberones y complementos";12.338843;14.93;0;1
9837;https://subirananadons.com/21086/biberón-happymami-150ml-rosa.jpg;"Biberón Happymami 150ml Rosa";V1R;"Biberones y complementos";12.338843;14.93;0;1
9849;https://subirananadons.com/21132/biberón-happymami-250ml-turquesa.jpg;"Biberón Happymami 250ml Turquesa";V2A;"Biberones y complementos";12.338843;14.93;0;1
9878;https://subirananadons.com/21273/biberón-happymami-250ml-rosa.jpg;"Biberón Happymami 250ml Rosa";V2R;"Biberones y complementos";12.338843;14.93;0;1
9563;https://subirananadons.com/19799/sonajero-sensorial-anilla-elphee-azul.jpg;"Sonajero sensorial anilla Elphee Azul";4334302;Varios;12.355372;14.95;0;1
9692;https://subirananadons.com/20369/cesta-pequeña-fairy-wonders.jpg;"Cesta pequeña Fairy Wonders";LDTE30404031;"Luces y decoración";12.355372;14.95;0;1
9821;https://subirananadons.com/21018/juguetes-de-baño-mrs-elephant-mr-crocodile.jpg;"Juguetes de baño Mrs. Elephant & Mr. Crocodile";37-676;"Accesorios baño";13.181818;15.95;0;1
9822;https://subirananadons.com/21026/-juguetes-de-baño-mrs-rabbit-mr-fox.jpg;"Juguetes de baño Mrs. Rabbit & Mr. Fox";37-677;"Accesorios baño";13.181818;15.95;0;1
9369;https://subirananadons.com/18835/funkybox-menta-hoja.jpg;"Funkybox Menta Hoja";FB-60;"Cajas toallitas";13.966942;16.9;0;1
9334;https://subirananadons.com/18672/bolsa-muda-impermeable-fox.jpg;"Bolsa muda impermeable Fox";P30;"Bolsas muda";14.008264;16.95;-3;1
9529;https://subirananadons.com/19640/mordedor-llavero-silicona-azul.jpg;"Mordedor Llavero Silicona Azul";LD2006121;Mordedores;14.008264;16.95;0;1
9530;https://subirananadons.com/19646/mordedor-llavero-silicona-rosa.jpg;"Mordedor Llavero Silicona Rosa";LD2006122;Mordedores;14.008264;16.95;-3;1
9814;https://subirananadons.com/20994/bolsa-muda-impermeable-gofre.jpg;"Bolsa muda impermeable Gofre";P30;"Bolsas muda";14.008264;16.95;0;1
9827;https://subirananadons.com/21046/turbante-victoria.jpg;"Turbante Victoria";Turbant;"Ropa bebé";14.008264;16.95;0;1
9407;https://subirananadons.com/19006/sujetador-cómodo-maternidad-talla-s-negro.jpg;"Sujetador Cómodo Maternidad talla S negro";556;"Sujetadores embarazo i lactancia";14.041322;16.99;0;1
9439;https://subirananadons.com/19203/juego-de-2-mosquetones-camelvanillalavender.jpg;"Juego de 2 Mosquetones Camel/Vanilla/Lavender";1107009194;Varios;14.793388;17.9;0;1
9440;https://subirananadons.com/19205/juego-de-2-mosquetones-oliveredvanilla.jpg;"Juego de 2 Mosquetones Olive/Red/Vanilla";1107009377;Varios;14.793388;17.9;0;1
9488;https://subirananadons.com/19458/adaptadores-patinete-confort-donkey.jpg;"Adaptadores patinete Confort+ Donkey";881591;Patinets;14.834711;17.95;0;1
9820;https://subirananadons.com/21009/cubos-apilables-mr-lion.jpg;"Cubos apilables Mr. Lion";37-680;"Accesorios baño";14.834711;17.95;0;1
9801;https://subirananadons.com/20953/cubo-blandito-de-actividades-sailors-bay.jpg;"Cubo blandito de actividades Sailors Bay";LD8609;Varios;15.289256;18.5;0;1
9384;https://subirananadons.com/18896/madera-puente-doco-90x50.jpg;"Madera puente Doco 90x50";ZPUES;"Cuna, colecho y moisés";15.702479;19;0;1
9687;https://subirananadons.com/20356/bolsa-deslizante-wildride.jpg;"Bolsa deslizante Wildride";WR2810003;"Fulares y bandoleras";15.702479;19;0;1
9602;https://subirananadons.com/19965/cuña-de-reclinado-axkid.jpg;"Cuña de reclinado Axkid";AX806707;"Accesorios coche";16.446280;19.9;0;1
9618;https://subirananadons.com/20035/pack-2-extensiones-barrera-a-presión-negro.jpg;"Pack 2 extensiones barrera a presión Negro";500165;"Barandillas de escalera";16.446280;19.9;0;1
9619;https://subirananadons.com/20037/pack-2-extensiones-barrera-a-presión-blanco.jpg;"Pack 2 extensiones barrera a presión Blanco";500160;"Barandillas de escalera";16.446280;19.9;0;1
9324;https://subirananadons.com/18627/plato-silicona-lalee-arena.jpg;"Plato silicona Lalee Arena";1749249;"Paltos y cubiertos";16.487603;19.95;0;1
9367;https://subirananadons.com/19852/pack-2-mordedores-papayaarena.jpg;"Pack 2 mordedores Papaya/Arena";4019106;Mordedores;16.487603;19.95;-2;1
9411;https://subirananadons.com/19026/vajilla-foodie-first-meal-playground-azul.jpg;"Vajilla Foodie First Meal Playground Azul";1546412;"Paltos y cubiertos";16.487603;19.95;-3;1
9581;https://subirananadons.com/19877/cubo-blandito-de-actividades-pequeña-granja.jpg;"Cubo blandito de actividades Pequeña Granja";LD8809;Varios;16.487603;19.95;0;1
9691;https://subirananadons.com/20364/cesta-grande-fairy-wonders.jpg;"Cesta grande Fairy Wonders";LDTE30504031;"Luces y decoración";16.487603;19.95;0;1
9694;https://subirananadons.com/20375/sábana-encimera-6070-fairy-flowers-bordado.jpg;"Sábana encimera 60/70 Fairy Flowers bordado";LDTE10154031;Sábanas;16.487603;19.95;0;1
9695;https://subirananadons.com/20377/bajera-70-fairy-blossom.jpg;"Bajera 70 Fairy Blossom";LDTE10594031;Sábanas;16.487603;19.95;0;1
9698;https://subirananadons.com/20393/vajilla-foodie-first-meal-playground-rosa.jpg;"Vajilla Foodie First Meal Playground Rosa";1546411;"Paltos y cubiertos";16.487603;19.95;0;1
9769;https://subirananadons.com/20775/juguete-de-agarre-y-mordedor-sheepy-arena.jpg;"Juguete de agarre y mordedor Sheepy Arena";4356199;Mordedores;16.487603;19.95;0;1
9802;https://subirananadons.com/20958/pack-2-mordedores-arenacoral.jpg;"Pack 2 mordedores Arena/Coral";4329097;Mordedores;16.487603;19.95;0;1
9523;https://subirananadons.com/19618/protector-de-respaldo-con-organizador.jpg;"Protector de respaldo con organizador";EZM-302-001;"Accesorios coche";16.520661;19.99;0;1
9879;https://subirananadons.com/21277/espiral-ocas.jpg;"Espiral Ocas";LD881;Varios;17.768595;21.5;0;1
9368;https://subirananadons.com/18833/collage-de-marcos-blanco.jpg;"Collage de marcos Blanco";P63021;Varios;18.140496;21.95;-1;1
9501;https://subirananadons.com/19499/muselina-algodón-90x90-astrid-sin-flecos.jpg;"Muselina algodón 90x90 Astrid (sin flecos)";P131;Muselinas;18.140496;21.95;-1;1
9505;https://subirananadons.com/19994/muselina-algodón-90x90-plumeti-rosa-sin-flecos.jpg;"Muselina algodón 90x90 Plumeti Rosa (sin flecos)";P131;Muselinas;18.140496;21.95;0;1
9569;https://subirananadons.com/19820/bata-wally-rosa.jpg;"Bata Wally Rosa";1343821;Baberos;18.140496;21.95;-3;1
9570;https://subirananadons.com/19824/bata-wally-azul.jpg;"Bata Wally Azul";1343822;Baberos;18.140496;21.95;-1;1
9580;https://subirananadons.com/19868/libro-de-actividades-blando-pequeña-granja.jpg;"Libro de actividades blando Pequeña Granja";LD8807;Varios;18.140496;21.95;-3;1
9593;https://subirananadons.com/19923/muselina-algodón-90x90-azul-muselina-sin-flecos.jpg;"Muselina algodón 90x90 Azul Muselina (sin flecos)";P131;Muselinas;18.140496;21.95;0;1
9715;https://subirananadons.com/20465/muselina-algodón-90x90-plumeti-balnco-sin-flecos.jpg;"Muselina algodón 90x90 Plumeti Balnco (sin flecos)";P131;Muselinas;18.140496;21.95;0;1
9737;https://subirananadons.com/20579/doudou-dotti-arena.jpg;"Doudou Dotti Arena";4353929;"Doudous y peluches";18.140496;21.95;0;1
9741;https://subirananadons.com/20599/bata-tiny-farm-rosa.jpg;"Bata Tiny Farm Rosa";1353711;Baberos;18.140496;21.95;0;1
9742;https://subirananadons.com/20603/bata-tiny-farm-azul.jpg;"Bata Tiny Farm Azul";1353732;Baberos;18.140496;21.95;-1;1
9823;https://subirananadons.com/21037/muselina-algodón-90x90-vichy-reversible-pequeño-sin-flecos.jpg;"Muselina algodón 90x90 Vichy Reversible Pequeño (sin flecos)";P131;Muselinas;18.140496;21.95;0;1
9824;https://subirananadons.com/21039/muselina-algodón-90x90-vichy-reversible-grande-sin-flecos.jpg;"Muselina algodón 90x90 Vichy Reversible Grande (sin flecos)";P131;Muselinas;18.140496;21.95;0;1
9811;https://subirananadons.com/20982/cesta-waffle-curry.jpg;"Cesta Waffle Curry";"B46 104 48";"Luces y decoración";18.181818;22;0;1
9641;https://subirananadons.com/20168/bajera-capazo-con-saca-babitas-ginko-verde.jpg;"Bajera capazo con saca babitas Ginko Verde";"B240.17 GV";"Bajeras y sabanas de capazo";18.884298;22.85;0;1
9642;https://subirananadons.com/20170/bajera-capazo-con-saca-babitas-ginko-gris.jpg;"Bajera capazo con saca babitas Ginko Gris";"B240.05 GG";"Bajeras y sabanas de capazo";18.884298;22.85;0;1
9690;https://subirananadons.com/20361/funda-cambiador-fairy-wonders.jpg;"Funda cambiador Fairy Wonders";LDTE30804031;"Cambiadores y fundas";18.966942;22.95;0;1
9383;https://subirananadons.com/18894/puente-espuma-doco-90x50.jpg;"Puente espuma Doco 90x50";ZPUES82;"Cuna, colecho y moisés";19.008264;23;-2;1
9376;https://subirananadons.com/18861/funda-cambiador-70-mr-tender.jpg;"Funda cambiador 70 Mr. Tender";"E34 403 00";"Cambiadores y fundas";19.752066;23.9;0;1
9609;https://subirananadons.com/19991/cesta-cosmos-rosa.jpg;"Cesta Cosmos Rosa";"E15 771 70";"Luces y decoración";19.752066;23.9;0;1
9465;https://subirananadons.com/19351/bolsa-muda-impermeable-personalizada-camel-muselina.jpg;"Bolsa muda personalizada impermeable Camel Muselina";P30;"Bolsas muda";19.793388;23.95;0;1
9590;https://subirananadons.com/19906/bolsa-muda-personalizada-impermeable-birds.jpg;"Bolsa muda personalizada impermeable Birds";P30;"Bolsas muda";19.793388;23.95;0;1
9282;https://subirananadons.com/18403/funda-cambiador-sunshine.jpg;"Funda cambiador Sunshine";"B36 405 00";"Cambiadores y fundas";19.834711;24;0;1
9707;https://subirananadons.com/20425/caja-de-música-joiero-rosa-fairy-wonders.jpg;"Caja de música joiero rosa Fairy Wonders";LD126237;Varios;19.991736;24.19;0;1
9317;https://subirananadons.com/18582/juego-de-ccubiertos-deer-friends-grey.jpg;"Juego de ccubiertos Deer Friends Grey";1126861;"Paltos y cubiertos";20.619835;24.95;0;1
9484;https://subirananadons.com/19431/vajilla-foodie-first-meal-happy-clouds-verde.jpg;"Vajilla Foodie First Meal Happy Clouds Verde";1596513;"Paltos y cubiertos";20.619835;24.95;-4;1
9554;https://subirananadons.com/19772/-caja-sorpresa-nozo-.jpg;"Caja sorpresa Nozo";4844687;Varios;20.619835;24.95;0;1
9578;https://subirananadons.com/19857/pack-2-anillas-de-actividades-happy-clouds-arena.jpg;"Pack 2 anillas de actividades Happy Clouds Arena";4233669;Varios;20.619835;24.95;0;1
9720;https://subirananadons.com/20495/vajilla-foodie-first-meal-elphee-azul.jpg;"Vajilla Foodie First Meal Elphee Azul";1596542;"Paltos y cubiertos";20.619835;24.95;0;1
9721;https://subirananadons.com/20492/vajilla-foodie-first-meal-happy-clouds-rosa.jpg;"Vajilla Foodie First Meal Happy Clouds Rosa";1596571;"Paltos y cubiertos";20.619835;24.95;0;1
9733;https://subirananadons.com/20560/libro-de-actividades-tiny-farm.jpg;"Libro de actividades Tiny Farm";4353017;Varios;20.619835;24.95;0;1
9677;https://subirananadons.com/20301/pack-2-baberos-silicona-mouse-wheat-yellow-mix.jpg;"Pack 2 baberos silicona Mouse Wheat Yellow Mix";LW14157;Baberos;20.661157;25;0;1
9678;https://subirananadons.com/20303/pack-2-baberos-silicona-rabbit-mint-mix.jpg;"Pack 2 baberos silicona Rabbit Mint Mix";LW14157;Baberos;20.661157;25;0;1
9679;https://subirananadons.com/20305/pack-2-baberos-silicona-dino-dark-sandy-mix.jpg;"Pack 2 baberos silicona Dino Dark Sandy Mix";LW14157;Baberos;20.661157;25;0;1
9805;https://subirananadons.com/20967/cesta-starry-night.jpg;"Cesta Starry Night";"B46 904 01";"Luces y decoración";20.661157;25;0;1
9519;https://subirananadons.com/19595/muselina-bambú-tortugas-tejanas.jpg;"Muselina bambú Tortugas Tejanas";MB.TO.01;Muselinas;21.280992;25.75;-1;1
9430;https://subirananadons.com/19156/muselina-bambú-ginko-verde.jpg;"Muselina bambú Ginko Verde";AB.CM.14;Muselinas;21.363636;25.85;-2;1
9431;https://subirananadons.com/19158/muselina-bambú-ginko-gris.jpg;"Muselina bambú Ginko Gris";AB.CM.14;Muselinas;21.363636;25.85;0;1
9738;https://subirananadons.com/20584/doudou-sheppy-arena.jpg;"Doudou Sheppy Arena";4353299;"Doudous y peluches";21.446281;25.95;0;1
9739;https://subirananadons.com/20588/doudou-pigee-rosa.jpg;"Doudou Pigee Rosa";4353291;"Doudous y peluches";21.446281;25.95;0;1
9551;https://subirananadons.com/19811/bajera-60-hojas.jpg;"Bajera 60 Hojas";B.260.CT.17;Sábanas;21.487603;26;-1;1
9565;https://subirananadons.com/19806/bajera-60-prado.jpg;"Bajera 60 Prado";B.260.PRA.17;Sábanas;21.487603;26;0;1
9566;https://subirananadons.com/19808/bajera-60-hojas.jpg;"Bajera 60 Cotton";B.260.CT.17;Sábanas;21.487603;26;0;1
9567;https://subirananadons.com/19810/bajera-60-libélulas.jpg;"Bajera 60 Libélulas";B.260.LI17;Sábanas;21.487603;26;0;1
9464;https://subirananadons.com/19345/espejo-porta-tarjetas.jpg;"Espejo porta tarjetas";4243959;Varios;22.272727;26.95;-2;1
9482;https://subirananadons.com/19419/caja-regalo-baby-bunny.jpg;"Caja regalo Baby Bunny";LD8859;Varios;22.272727;26.95;0;1
9773;https://subirananadons.com/20797/plato-con-compartimentos-playground-rosa.jpg;"Plato con compartimentos Playground Rosa";1759581;"Paltos y cubiertos";22.272727;26.95;0;1
9774;https://subirananadons.com/20801/plato-con-compartimentos-playground-azul.jpg;"Plato con compartimentos Playground Azul";1759582;"Paltos y cubiertos";22.272727;26.95;0;1
9775;https://subirananadons.com/20805/plato-con-compartimentos-tiny-farm-arena.jpg;"Plato con compartimentos Tiny Farm Arena";1759559;"Paltos y cubiertos";22.272727;26.95;0;1
9532;https://subirananadons.com/19653/casco-antruido-0-3-años-graffiti.jpg;"Casco antruido 0-3 años Graffiti";BANZ1287;"Cascos antiruido";22.314050;27;0;1
9716;https://subirananadons.com/20467/casco-antruido-0-3-años-dark-green.jpg;"Casco antruido 0-3 años Dark Green";EM062;"Cascos antiruido";22.314050;27;0;1
9307;https://subirananadons.com/18519/sábana-moisés-night.jpg;"Sábana moisés Night";"E46 390 00";Sábanas;22.727273;27.5;0;1
9358;https://subirananadons.com/18764/sábana-moisés-moon.jpg;"Sábana moisés Moon";"E46 601 00";Sábanas;22.727273;27.5;0;1
9370;https://subirananadons.com/18837/sábana-moisés-happy.jpg;"Sábana moisés Happy";"E46 601 00";Sábanas;22.727273;27.5;-1;1
9834;https://subirananadons.com/21071/sábana-moisés-cosmos-gris.jpg;"Sábana moisés Cosmos Gris";"E46 771 50";Sábanas;22.727273;27.5;0;1
9435;https://subirananadons.com/20433/botella-termo-mii-350-ml-eucalipto.jpg;"Botella termo Mii 350 ml Eucalipto";972611;Termos;23.057851;27.9;-1;1
9612;https://subirananadons.com/20004/botella-termo-mii-600-ml-eucalipto.jpg;"Botella termo Mii 600 ml Eucalipto";972593;Termos;23.057851;27.9;0;1
9613;https://subirananadons.com/20009/botella-termo-mii-600-ml-azul-reflex.jpg;"Botella termo Mii 600 ml Azul Reflex";972557;Termos;23.057851;27.9;0;1
9615;https://subirananadons.com/20022/botella-termo-mii-600-ml-esmeralda.jpg;"Botella termo Mii 600 ml Esmeralda";972607;Termos;23.057851;27.9;0;1
9616;https://subirananadons.com/20027/botella-termo-mii-600-ml-toffee.jpg;"Botella termo Mii 600 ml Toffee";972558;Termos;23.057851;27.9;-1;1
9625;https://subirananadons.com/20079/botella-termo-mii-600-ml-capri.jpg;"Botella termo Mii 600 ml Capri";972559;Termos;23.057851;27.9;0;1
9626;https://subirananadons.com/20084/botella-termo-mii-600-ml-naranja.jpg;"Botella termo Mii 600 ml Naranja";972560;Termos;23.057851;27.9;0;1
9627;https://subirananadons.com/20090/botella-termo-mii-600-ml-azul.jpg;"Botella termo Mii 600 ml Azul";972551;Termos;23.057851;27.9;0;1
9629;https://subirananadons.com/20099/botella-termo-mii-600-ml-melón.jpg;"Botella termo Mii 600 ml Melón";972554;Termos;23.057851;27.9;-1;1
9630;https://subirananadons.com/20106/botella-termo-mii-600-ml-rosa-empolvado.jpg;"Botella termo Mii 600 ml Rosa Empolvado";972595;Termos;23.057851;27.9;-1;1
9631;https://subirananadons.com/20112/botella-termo-mii-600-ml-limón.jpg;"Botella termo Mii 600 ml Limón";972553;Termos;23.057851;27.9;0;1
9634;https://subirananadons.com/20129/botella-termo-mii-600-ml-nata.jpg;"Botella termo Mii 600 ml Nata";972556;Termos;23.057851;27.9;0;1
9635;https://subirananadons.com/20135/botella-termo-mii-600-ml-lavanda.jpg;"Botella termo Mii 600 ml Lavanda";97254;Termos;23.057851;27.9;0;1
9636;https://subirananadons.com/20142/botella-termo-mii-600-ml-melocotón.jpg;"Botella termo Mii 600 ml Melocotón";972626;Termos;23.057851;27.9;-1;1
9637;https://subirananadons.com/20148/botella-termo-mii-600-ml-oliva.jpg;"Botella termo Mii 600 ml Oliva";972625;Termos;23.057851;27.9;0;1
9638;https://subirananadons.com/20154/botella-termo-mii-600-ml-lila.jpg;"Botella termo Mii 600 ml Lila";972627;Termos;23.057851;27.9;0;1
9639;https://subirananadons.com/20158/botella-termo-mii-600-ml-verde.jpg;"Botella termo Mii 600 ml Verde";972628;Termos;23.057851;27.9;0;1
9640;https://subirananadons.com/20165/botella-termo-mii-600-ml-caqui.jpg;"Botella termo Mii 600 ml Caqui";972594;Termos;23.057851;27.9;0;1
9710;https://subirananadons.com/20444/botella-termo-mii-350-ml-lima.jpg;"Botella termo Mii 350 ml Lima";972610;Termos;23.057851;27.9;0;1
9744;https://subirananadons.com/20622/botella-termo-mii-600-ml-atardecer.jpg;"Botella termo Mii 600 ml Atardecer";972666;Termos;23.057851;27.9;0;1
9745;https://subirananadons.com/20628/botella-termo-mii-600-ml-sharp-green.jpg;"Botella termo Mii 600 ml Sharp Green";972665;Termos;23.057851;27.9;0;1
9761;https://subirananadons.com/20731/botella-termo-mii-600-ml-raspberry.jpg;"Botella termo Mii 600 ml Raspberry";972658;Termos;23.057851;27.9;0;1
9762;https://subirananadons.com/20736/botella-termo-mii-600-ml-orquídia.jpg;"Botella termo Mii 600 ml Orquídia";972668;Termos;23.057851;27.9;0;1
9763;https://subirananadons.com/20740/botella-termo-mii-600-ml-lila.jpg;"Botella termo Mii 600 ml Lila";972627;Termos;23.057851;27.9;0;1
9764;https://subirananadons.com/20747/botella-termo-mii-600-ml-ocean.jpg;"Botella termo Mii 600 ml Ocean";972716;Termos;23.057851;27.9;0;1
9765;https://subirananadons.com/20752/botella-termo-mii-600-ml-royal-blue.jpg;"Botella termo Mii 600 ml Royal Blue";972664;Termos;23.057851;27.9;0;1
9766;https://subirananadons.com/20757/botella-termo-mii-600-ml-delfín.jpg;"Botella termo Mii 600 ml Delfín";972667;Termos;23.057851;27.9;0;1
9767;https://subirananadons.com/20763/botella-termo-mii-600-ml-palm-green.jpg;"Botella termo Mii 600 ml Palm Green";972717;Termos;23.057851;27.9;0;1
9874;https://subirananadons.com/21256/fiambrera-pequeña-mrs-cat.jpg;"Fiambrera pequeña Mrs. Cat";59-222;"Botes y fiambreras";23.099174;27.95;0;1
9290;https://subirananadons.com/18429/juego-sábanas-2-piezas-90x50-sena-verde-menta.jpg;"Juego sábanas 2 piezas 90X50 Sena Verde Menta";TESA90X50TGR;Sábanas;23.966942;29;0;1
9345;https://subirananadons.com/18715/bolsa-de-viaje-stokke-clikk.jpg;"Bolsa de viaje Stokke Clikk";571301;Tronas;23.966942;29;-1;1
9468;https://subirananadons.com/19362/juego-sábanas-2-piezas-90x50-sena-gris.jpg;"Juego sábanas 2 piezas 90X50 Sena Gris";TESA90X50TGR;Sábanas;23.966942;29;-1;1
9441;https://subirananadons.com/19210/cambiador-de-viaje-black.jpg;"Cambiador de viaje Black";1106007000;"Cambiadores de viaje";24.132231;29.2;-3;1
9660;https://subirananadons.com/20223/cambiador-de-viaje-olive.jpg;"Cambiador de viaje Olive";1106007513;"Cambiadores de viaje";24.132231;29.2;0;1
9787;https://subirananadons.com/20893/cambiador-de-viaje-greenolive.jpg;"Cambiador de viaje Green/Olive";1106008037;"Cambiadores de viaje";24.132231;29.2;0;1
9851;https://subirananadons.com/21148/botella-termo-mii-600-ml-negro-iconic.jpg;"Botella termo Mii 600 ml Negro Iconic";972795;Termos;24.710744;29.9;0;1
9288;https://subirananadons.com/18422/muselina-algodón-120x120-azul-muselina-con-flecos.jpg;"Muselina algodón 120x120 Azul Muselina (con flecos)";P131;Muselinas;24.752066;29.95;0;1
9496;https://subirananadons.com/19912/muselina-algodón-90x90-blanco-muselina-con-flecos.jpg;"Muselina algodón 90x90 Blanco Muselina (con flecos)";P131;Muselinas;24.752066;29.95;0;1
9537;https://subirananadons.com/21031/maleta-de-hoja-de-palma-pequeña.jpg;"Maleta de hoja de palma pequeña";PP;"Luces y decoración";24.752066;29.95;-1;1
9610;https://subirananadons.com/19993/muselina-algodón-90x90-plumeti-rosa-con-flecos.jpg;"Muselina algodón 90x90 Plumeti Rosa (con flecos)";P131;Muselinas;24.752066;29.95;0;1
9734;https://subirananadons.com/20565/espejo-de-actividades-happy-clouds-papaya.jpg;"Espejo de actividades Happy Clouds Papaya";4333516;Varios;24.752066;29.95;0;1
9331;https://subirananadons.com/20472/bolsas-para-leche-materna-pack-de-100.jpg;"Bolsas para leche materna (Pack de 100)";EVACCSMSB100;"Extractores de leche";24.785124;29.99;-7;1
9555;https://subirananadons.com/19778/plástico-de-lluvia-yoyo-6.jpg;"Plástico de lluvia Yoyo 6+";yoyo;Varios;24.793388;30;0;1
9275;https://subirananadons.com/18855/porta-documentos-universe-anthracite.jpg;"Porta documentos Black";1106012000;Portadocumentos;25.867769;31.3;0;1
9374;https://subirananadons.com/18852/porta-documentos-olive.jpg;"Porta documentos Olive";1106012513;Portadocumentos;25.867769;31.3;-2;1
9387;https://subirananadons.com/18915/porta-documentos-stripes-rose.jpg;"Porta documentos Stripes Rose";1106010785;Portadocumentos;25.867769;31.3;0;1
9428;https://subirananadons.com/19140/porta-documentos-greenolive.jpg;"Porta documentos Green/Olive";1106012513;Portadocumentos;25.867769;31.3;0;1
9559;https://subirananadons.com/19789/botella-termo-350-ml-marta-munté-bear.jpg;"Botella termo 350 ml Marta Munté Bear";runbott;Termos;26.363636;31.9;0;1
9699;https://subirananadons.com/20397/botella-termo-mii-350-ml-marta-munté-parasaulophus.jpg;"Botella termo Mii 350 ml Marta Munté Parasaulophus";972643;Termos;26.363636;31.9;-1;1
9704;https://subirananadons.com/20419/botella-termo-mii-350-ml-marta-munté-braquiosaurus.jpg;"Botella termo Mii 350 ml Marta Munté Braquiosaurus";972645;Termos;26.363636;31.9;0;1
9705;https://subirananadons.com/20421/botella-termo-mii-350-ml-marta-munté-t-rex.jpg;"Botella termo Mii 350 ml Marta Munté T-Rex";972642;Termos;26.363636;31.9;0;1
9706;https://subirananadons.com/20423/botella-termo-mii-350-ml-marta-munté-triceratops.jpg;"Botella termo Mii 350 ml Marta Munté Triceratops";972644;Termos;26.363636;31.9;0;1
9708;https://subirananadons.com/20428/botella-termo-mii-350-ml-marta-munté-unicorn.jpg;"Botella termo Mii 350 ml Marta Munté Unicorn";972616;Termos;26.363636;31.9;0;1
9709;https://subirananadons.com/20430/botella-termo-mii-350-ml-marta-munté-elephant.jpg;"Botella termo Mii 350 ml Marta Munté Elephant";972617;Termos;26.363636;31.9;0;1
9712;https://subirananadons.com/20454/botella-termo-350-ml-marta-dansa-nube-bonita.jpg;"Botella termo 350 ml Marta Dansa Nube Bonita";971795;Termos;26.363636;31.9;0;1
9768;https://subirananadons.com/20770/botella-termo-mii-600-ml-lulalila-florets.jpg;"Botella termo Mii 600 ml Lulalila Florets";972717;Termos;26.363636;31.9;0;1
9839;https://subirananadons.com/21088/saco-de-semillas-whisper-green.jpg;"Saco de semillas Whisper Green";TM-HMC01-540;Cojines;26.363636;31.9;0;1
9535;https://subirananadons.com/19673/bola-de-maternidad-gemstone-maansteen.jpg;"Bola de maternidad Gemstone Maansteen";PMID-528;"Basicos embarazo";27.231405;32.95;0;1
9804;https://subirananadons.com/20965/fiambrera-grande-mr-lion.jpg;"Fiambrera grande Mr. Lion";60-213;"Botes y fiambreras";27.231405;32.95;0;1
9873;https://subirananadons.com/21253/fiambrera-grande-mr-dino.jpg;"Fiambrera grande Mr. Dino";60-201;"Botes y fiambreras";27.231405;32.95;0;1
9875;https://subirananadons.com/21260/capa-de-baño-mr-lion.jpg;"Capa de baño Mr. Lion";11-850;"Accesorios baño";27.264463;32.99;0;1
9876;https://subirananadons.com/21264/capa-de-baño-mr-dino.jpg;"Capa de baño Mr. Dino";11-716;"Accesorios baño";27.264463;32.99;0;1
9877;https://subirananadons.com/21268/capa-de-baño-mrs-cat.jpg;"Capa de baño Mrs. Cat";11-604;"Accesorios baño";27.264463;32.99;0;1
9280;https://subirananadons.com/18397/juego-sábanas-2-piezas-120x60-sena-verde-botella.jpg;"Juego sábanas 2 piezas 120x60 Sena Verde Botella";TESA120x60TGR;Sábanas;27.272727;33;0;1
9725;https://subirananadons.com/20520/cambiador-luigi.jpg;"Cambiador Luigi";1010281000000;"Cambiadores de viaje";28.016529;33.9;-1;1
9832;https://subirananadons.com/21063/cambiador-etna.jpg;"Cambiador Etna";930281300;"Cambiadores de viaje";28.016529;33.9;0;1
9398;https://subirananadons.com/18977/bajera-60-liso-linen.jpg;"Bajera 60 Liso Linen";TE1017;Sábanas;28.099174;34;0;1
9399;https://subirananadons.com/18979/bajera-60-liso-malva.jpg;"Bajera 60 Liso Malva";TE1018;Sábanas;28.099174;34;0;1
9416;https://subirananadons.com/19055/arrullo-bambú-sky-blanco.jpg;"Arrullo Bambú Sky Blanco";AB.RV.01;Arrullos;28.181818;34.1;-1;1
9346;https://subirananadons.com/18719/capa-de-baño-fox.jpg;"Capa de baño Fox";P60;"Accesorios baño";28.884298;34.95;-1;1
9385;https://subirananadons.com/18900/pack-de-tres-juguetes-sensoriales-croco-rosa.jpg;"Pack de tres juguetes sensoriales Croco Rosa";4033421;Varios;28.884298;34.95;0;1
9489;https://subirananadons.com/19460/capa-de-baño-diente-de-león.jpg;"Capa de baño Diente de León";P60;"Accesorios baño";28.884298;34.95;-1;1
9548;https://subirananadons.com/19738/capa-de-baño-hot-dog.jpg;"Capa de baño Hot Dog";P60;"Accesorios baño";28.884298;34.95;0;1
9672;https://subirananadons.com/20288/capa-de-baño-erizos.jpg;"Capa de baño Erizos";P60;"Accesorios baño";28.884298;34.95;0;1
9688;https://subirananadons.com/20357/bugaboo-fox-fundas-de-manillar-negro.jpg;"Bugaboo Fox fundas de manillar Negro";500524ZW01;Varios;28.884298;34.95;0;1
9722;https://subirananadons.com/20500/mosquitera-joolz-geo3day5hub2-.jpg;"Mosquitera Joolz Geo3/Day5/Hub2";joolz;Varios;28.884298;34.95;0;1
9543;https://subirananadons.com/19703/mochila-infantil-jojo-factory-balloons.jpg;"Mochila Infantil Jojo Factory Balloons";JOJO026;"Mochilas infantiles";28.925620;35;0;1
9544;https://subirananadons.com/19711/mochila-infantil-jojo-factory-funny.jpg;"Mochila Infantil Jojo Factory Funny";JOJO028;"Mochilas infantiles";28.925620;35;0;1
9545;https://subirananadons.com/19717/mochila-infantil-jojo-factory-take-away.jpg;"Mochila Infantil Jojo Factory Take Away";JOJO029;"Mochilas infantiles";28.925620;35;0;1
9546;https://subirananadons.com/19724/mochila-infantil-jojo-factory-donuts.jpg;"Mochila Infantil Jojo Factory Donuts";JOJO002;"Mochilas infantiles";28.925620;35;0;1
9547;https://subirananadons.com/19733/mochila-infantil-jojo-factory-popcorn.jpg;"Mochila Infantil Jojo Factory Popcorn";JOJO007;"Mochilas infantiles";28.925620;35;0;1
9617;https://subirananadons.com/20435/botella-termo-350-ml-personalizada-eucalipto.jpg;"Botella termo Mii 350 ml Personalizada Eucalipto";972611;Termos;29.669421;35.9;-1;1
9633;https://subirananadons.com/20122/botella-termo-mii-1l-negro.jpg;"Botella termo Mii 1L Negro";972596;Termos;29.669421;35.9;0;1
9263;https://subirananadons.com/18336/peto-3-meses-menta-muselina.jpg;"Peto 3 meses Menta Muselina";Peto;"Ropa bebé";30.537190;36.95;0;1
9276;https://subirananadons.com/18385/peto-6-meses-blanco-muselina.jpg;"Peto 6 meses Blanco Muselina";Peto;"Ropa bebé";30.537190;36.95;0;1
9278;https://subirananadons.com/18389/peto-6-meses-lazos-julia.jpg;"Peto 6 meses lazos Julia";Peto;"Ropa bebé";30.537190;36.95;0;1
9279;https://subirananadons.com/18391/peto-3-meses-lazos-margaret.jpg;"Peto 3 meses lazos Margaret";Peto;"Ropa bebé";30.537190;36.95;0;1
9297;https://subirananadons.com/18466/peto-3-meses-azul-muselina.jpg;"Peto 3 meses Azul Muselina";Peto;"Ropa bebé";30.537190;36.95;0;1
9355;https://subirananadons.com/19017/peto-3-meses-rosa-muselina.jpg;"Peto 3 meses Rosa Muselina";Peto;"Ropa bebé";30.537190;36.95;-1;1
9826;https://subirananadons.com/21044/peto-3-meses-lazos-astrid.jpg;"Peto 3 meses lazos Astrid";Peto;"Ropa bebé";30.537190;36.95;0;1
9803;https://subirananadons.com/20961/luz-mr-lion.jpg;"Luz Mr. Lion";18-133;"Luces y decoración";30.570248;36.99;0;1
9867;https://subirananadons.com/21227/luz-mrs-elephant.jpg;"Luz Mrs. Elephant";18-137;"Luces y decoración";30.570248;36.99;0;1
9868;https://subirananadons.com/21231/luz-mrs-rabbit.jpg;"Luz Mrs. Rabbit";18-135;"Luces y decoración";30.570248;36.99;0;1
9869;https://subirananadons.com/21235/luz-mr-dino.jpg;"Luz Mr. Dino";18-134;"Luces y decoración";30.570248;36.99;0;1
9870;https://subirananadons.com/21239/luz-mrs-cat.jpg;"Luz Mrs. Cat";18-136;"Luces y decoración";30.570248;36.99;0;1
9302;https://subirananadons.com/18494/sábana-capazo-40-liso-crudo-orgánico.jpg;"Sábana capazo 40 Liso Crudo Orgánico";T.040.LIS.01;Sábanas;30.991736;37.5;-1;1
9371;https://subirananadons.com/18838/sábana-60-happy.jpg;"Sábana 60 Happy";"E42 601 00";Sábanas;30.991736;37.5;0;1
9425;https://subirananadons.com/19131/sábana-60-happy-cat.jpg;"Sábana 60 Happy Cat";"E42 570 00";Sábanas;30.991736;37.5;-1;1
9608;https://subirananadons.com/19989/sábana-60-cosmos-rosa.jpg;"Sábana 60 Cosmos Rosa";"E42 771 70";Sábanas;30.991736;37.5;0;1
9653;https://subirananadons.com/20200/sábana-60-mr-tender.jpg;"Sábana 60 Mr. Tender";"E42 222 50";Sábanas;30.991736;37.5;0;1
9838;https://subirananadons.com/21087/manta-punto-waffle-mentalavanda.jpg;"Manta Punto Waffle Menta/Lavanda";B38100916;Mantas;30.991736;37.5;0;1
9292;https://subirananadons.com/18543/sábana-moisés-sky-blanco.jpg;"Sábana moisés Sky Blanco";T.050.S.01;Sábanas;31.363636;37.95;-1;1
9436;https://subirananadons.com/19842/manta-polar-melange.jpg;"Manta Polar Melange";P120;Mantas;31.363636;37.95;-1;1
9491;https://subirananadons.com/19467/manta-polar-vichy-reversible-grande.jpg;"Manta Polar Vichy Reversible Grande";P115;Mantas;31.363636;37.95;0;1
9494;https://subirananadons.com/20286/manta-polar-plumeti-blanco.jpg;"Manta Polar Plumeti Blanco";P120;Mantas;31.363636;37.95;-1;1
9498;https://subirananadons.com/20195/manta-polar-fox.jpg;"Manta Polar Fox";P120;Mantas;31.363636;37.95;-2;1
9509;https://subirananadons.com/20295/manta-de-entretiempo-gofre.jpg;"Manta de entretiempo Gofre";P115;Mantas;31.363636;37.95;-1;1
9526;https://subirananadons.com/19629/manta-polar-diente-de-león.jpg;"Manta Polar Diente de León";P120;Mantas;31.363636;37.95;0;1
9585;https://subirananadons.com/19892/manta-de-entretiempo-martina.jpg;"Manta de entretiempo Martina";P115;Mantas;31.363636;37.95;0;1
9591;https://subirananadons.com/19909/manta-de-entretiempo-birds.jpg;"Manta de entretiempo Birds";P115;Mantas;31.363636;37.95;0;1
9645;https://subirananadons.com/20181/manta-de-entretiempo-victoria.jpg;"Manta de entretiempo Victoria";P115;Mantas;31.363636;37.95;-1;1
9651;https://subirananadons.com/20194/manta-polar-vichy-reversible-pequeño.jpg;"Manta Polar Vichy Reversible Pequeño";P115;Mantas;31.363636;37.95;0;1
9658;https://subirananadons.com/20217/manta-de-entretiempo-plumeti-rosa.jpg;"Manta de entretiempo Plumeti Rosa";P115;Mantas;31.363636;37.95;0;1
9674;https://subirananadons.com/20292/manta-de-entretiempo-erizos.jpg;"Manta de entretiempo Erizos";P115;Mantas;31.363636;37.95;0;1
9675;https://subirananadons.com/20294/manta-polar-gofre.jpg;"Manta Polar Gofre";P115;Mantas;31.363636;37.95;-1;1
9731;https://subirananadons.com/21270/manta-polar-camel-muselina.jpg;"Manta Polar Camel Muselina";P115;Mantas;31.363636;37.95;0;1
9325;https://subirananadons.com/18634/mochila-infantil-lalee-arena.jpg;"Mochila infantil Lalee Arena";7023019;"Mochilas infantiles";33.016529;39.95;-1;1
9406;https://subirananadons.com/19004/arrullo-de-bambú-rosa-muselina-sin-volante.jpg;"Arrullo de bambú Rosa Muselina (sin volante)";P0;Arrullos;33.016529;39.95;0;1
9417;https://subirananadons.com/19057/arrullo-de-bambú-crudo-muselina-sin-volante.jpg;"Arrullo de bambú Crudo Muselina (sin volante)";P0;Arrullos;33.016529;39.95;-1;1
9469;https://subirananadons.com/20415/arrullo-de-bambú-gris-muselina-sin-volante.jpg;"Arrullo de bambú Gris Muselina (sin volante)";P0;Arrullos;33.016529;39.95;0;1
9524;https://subirananadons.com/19624/plástico-de-lluvia-joolz-hub-2.jpg;"Plástico de lluvia Joolz Hub 2";902002;Varios;33.016529;39.95;-2;1
9604;https://subirananadons.com/19979/sábana-moisés-cielo-rosa.jpg;"Sábana moisés Cielo Rosa";T50.TCR.12;Sábanas;33.016529;39.95;0;1
9700;https://subirananadons.com/20399/arrullo-de-bambú-fox-sin-volante.jpg;"Arrullo de bambú Fox (sin volante)";P0;Arrullos;33.016529;39.95;0;1
9795;https://subirananadons.com/20934/adaptadores-de-altura-de-capazo-joolz-hub2-.jpg;"adaptadores de altura de capazo Joolz Hub2";Altura;Varios;33.016529;39.95;0;1
9828;https://subirananadons.com/21049/arrullo-de-bambú-victoria-sin-volante.jpg;"Arrullo de bambú Victoria (sin volante)";P0;Arrullos;33.016529;39.95;0;1
9871;https://subirananadons.com/21242/mochila-infantil-mr-lion.jpg;"Mochila infantil Mr. Lion";93-213;"Mochilas infantiles";33.016529;39.95;0;1
9872;https://subirananadons.com/21247/mochila-infantil-mr-fox.jpg;"Mochila infantil Mr. Fox";93-210;"Mochilas infantiles";33.016529;39.95;0;1
9408;https://subirananadons.com/19522/orinal-potty-trainer-3-en-1-beige.jpg;"Orinal Potty Trainer 3 en 1 Beige";155014;"Orinales y reductores WC";33.049587;39.99;-1;1
9507;https://subirananadons.com/19533/orinal-potty-trainer-3-en-1-green.jpg;"Orinal Potty Trainer 3 en 1 Green";155007;"Orinales y reductores WC";33.049587;39.99;0;1
9258;https://subirananadons.com/18031/conjunto-fox.jpg;"Conjunto Fox";P165;"Ropa bebé";34.462810;41.7;-2;1
9259;https://subirananadons.com/18033/conjunto-canale-beige.jpg;"Conjunto Canale Beige";P165;"Ropa bebé";34.462810;41.7;-2;1
9335;https://subirananadons.com/18998/conjunto-calado-rosa.jpg;"Conjunto Calado Rosa";P165;"Ropa bebé";34.462810;41.7;-3;1
9336;https://subirananadons.com/18676/conjunto-canale-crudo-con-gorro.jpg;"Conjunto Canale Crudo (con gorro)";P165;"Ropa bebé";34.462810;41.7;0;1
9512;https://subirananadons.com/19559/conjunto-gofre.jpg;"Conjunto Gofre";P165;"Ropa bebé";34.462810;41.7;-3;1
9576;https://subirananadons.com/19841/conjunto-flores-de-punto.jpg;"Conjunto Flores de Punto";P165;"Ropa bebé";34.462810;41.7;0;1
9356;https://subirananadons.com/18752/arrullo-de-bambú-rosa-muselina.jpg;"Arrullo de bambú Rosa Muselina";P0;Arrullos;35.495868;42.95;-1;1
9502;https://subirananadons.com/19901/arrullo-de-bambú-astrid.jpg;"Arrullo de bambú Astrid (con volante)";P0;Arrullos;35.495868;42.95;0;1
9552;https://subirananadons.com/20296/arrullo-de-bambú-gofre-con-volante.jpg;"Arrullo de bambú Gofre (con volante)";P0;Arrullos;35.495868;42.95;0;1
9806;https://subirananadons.com/20969/arrullo-de-bambú-plumeti-menta.jpg;"Arrullo de bambú Plumeti Menta";P0;Arrullos;35.495868;42.95;0;1
9807;https://subirananadons.com/20971/arrullo-de-bambú-flores-bordadas.jpg;"Arrullo de bambú Flores Bordadas";P0;Arrullos;35.495868;42.95;0;1
9825;https://subirananadons.com/21041/arrullo-de-bambú-birds-con-volante.jpg;"Arrullo de bambú Birds (con volante)";P0;Arrullos;35.495868;42.95;0;1
9372;https://subirananadons.com/18848/sábana-70-mr-tender.jpg;"Sábana 70 Mr. Tender";"E44 222 50";Sábanas;35.537190;43;0;1
9499;https://subirananadons.com/19495/sábana-70-jungle.jpg;"Sábana 70 Jungle";"E44 901 00";Sábanas;35.537190;43;-1;1
9605;https://subirananadons.com/19981/manta-cielo-rosa.jpg;"Manta Cielo Rosa";M.CR.12;Mantas;35.702479;43.2;0;1
9540;https://subirananadons.com/19687/móvil-musical-pequeña-granja.jpg;"Móvil musical Pequeña Granja";LD8800;Varios;36.322314;43.95;0;1
9405;https://subirananadons.com/19002/arrullo-toquilla-melissa.jpg;"Arrullo toquilla Melissa";881090000;Arrullos;37.107438;44.9;0;1
9403;https://subirananadons.com/20846/funda-para-silla-joie-i-harbour-grey-flannel.jpg;"Funda para silla Joie I-Harbour Grey Flannel";A2104TBGFL000;"Fundas silla";37.148760;44.95;-1;1
9257;https://subirananadons.com/17973/colchoneta-silla-petra-negro.jpg;"Colchoneta silla Petra Negro";101000800;Colchonetas;37.851240;45.8;0;1
9354;https://subirananadons.com/18746/termo-sólidos-personalizado-lunch-560-ml-cielo.jpg;"Termo sólidos personalizado Lunch 560 ml Cielo";971281;Termos;37.933884;45.9;-1;1
9521;https://subirananadons.com/19604/termo-sólidos-personalizado-lunch-560-ml-mostaza.jpg;"Termo sólidos personalizado Lunch 560 ml Mostaza";971281;Termos;37.933884;45.9;0;1
9347;https://subirananadons.com/18721/colcha-moisés-teddy-gris.jpg;"Colcha moisés Teddy Gris";"E741 348 50";Colchas;38.842975;47;0;1
9305;https://subirananadons.com/18510/manta-moisés-pelo-teddy-gris.jpg;"Manta moisés Pelo Teddy Gris";"E50 348 50";Mantas;40.495868;49;0;1
9357;https://subirananadons.com/18763/cojín-nomi-arena-grisáceo.jpg;"Cojín Nomi Arena Grisáceo";625701;Tronas;40.495868;49;0;1
9379;https://subirananadons.com/18880/flexi-bath-arena.jpg;"Flexi Bath Arena";328801;"Bañeras y soportes";40.495868;49;-1;1
9531;https://subirananadons.com/19651/cojín-terracotta.jpg;"Cojín Terracotta";1003314;Tronas;40.495868;49;0;1
9663;https://subirananadons.com/20238/flexi-bath-azul-océano.jpg;"Flexi Bath Azul Océano";328801;"Bañeras y soportes";40.495868;49;0;1
9666;https://subirananadons.com/20251/flexi-bath-lavanda.jpg;"Flexi Bath Lavanda";328801;"Bañeras y soportes";40.495868;49;0;1
9662;https://subirananadons.com/20233/plástico-de-lluvia-joolz-hub.jpg;"Plástico de lluvia Joolz Hub+";902002;Varios;41.280992;49.95;0;1
9693;https://subirananadons.com/20373/funda-nórdica-70-fairy-wonders.jpg;"Funda nórdica 70  Fairy Wonders";LDTE13204031;"Funda Nórdica";41.280992;49.95;0;1
9703;https://subirananadons.com/20410/fular-elástico-moby-wrap-classic-midnight.jpg;"Fular Elástico Moby Wrap Classic Midnight";MCL-MIDNIG-04;"Fulares y bandoleras";41.280992;49.95;0;1
9392;https://subirananadons.com/18939/camisón-de-maternidad-talla-m-negro.jpg;"Camisón de maternidad talla M Negro";602100;"Basicos hospital";41.314050;49.99;0;1
9401;https://subirananadons.com/18985/contenedor-de-pañales-dropy-beige.jpg;"Contenedor de pañales Dropy Beige";150019;"Pañales y contenedores pañales";41.314050;49.99;-5;1
9459;https://subirananadons.com/19323/contenedor-de-pañales-dropy-green.jpg;"Contenedor de pañales Dropy Green";150026;"Pañales y contenedores pañales";41.314050;49.99;-5;1
9471;https://subirananadons.com/19376/contenedor-de-pañales-dropy-white.jpg;"Contenedor de pañales Dropy White";150002;"Pañales y contenedores pañales";41.314050;49.99;-3;1
9490;https://subirananadons.com/19465/contenedor-de-pañales-dropy-taupe.jpg;"Contenedor de pañales Dropy Taupe";150033;"Pañales y contenedores pañales";41.314050;49.99;-4;1
9597;https://subirananadons.com/19931/camisón-de-maternidad-talla-l-negro.jpg;"Camisón de maternidad talla L Negro";602100;"Basicos hospital";41.314050;49.99;0;1
9624;https://subirananadons.com/20068/camisón-de-maternidad-talla-s-negro.jpg;"Camisón de maternidad talla S Negro";602100;"Basicos hospital";41.314050;49.99;0;1
9556;https://subirananadons.com/19780/sombrilla-yoyo-negro.jpg;"Sombrilla Yoyo Negro";yoyo;Varios;41.322314;50;-1;1
9315;https://subirananadons.com/18570/sábana-60-sky-blanco.jpg;"Sábana 60 Sky blanco";T.060.RB.01;Sábanas;42.644628;51.6;0;1
9647;https://subirananadons.com/20184/sábana-60-ginko-gris.jpg;"Sábana 60 Ginko Gris";T60.G.17;Sábanas;42.644628;51.6;0;1
9648;https://subirananadons.com/20186/sábana-60-ginko-verde.jpg;"Sábana 60 Ginko Verde";T60.GV.17;Sábanas;42.644628;51.6;0;1
9649;https://subirananadons.com/20188/sábana-60-cielo-menta.jpg;"Sábana 60 Cielo Menta";T60.TCM.14;Sábanas;42.975207;52;0;1
9732;https://subirananadons.com/20551/sábana-60-cielo-rosa.jpg;"Sábana 60 Cielo Rosa";T60.TCR.12;Sábanas;42.975207;52;0;1
9516;https://subirananadons.com/19570/sábana-60-starry-night.jpg;"Sábana 60 Starry Night";"B41 90 401";Sábanas;43.801653;53;-1;1
9785;https://subirananadons.com/20887/sábana-60-luna.jpg;"Sábana 60 Luna";"B41 260 50";Sábanas;43.801653;53;0;1
9786;https://subirananadons.com/20889/sábana-60-forest.jpg;"Sábana 60 Forest";"B41 989 00";Sábanas;43.801653;53;0;1
9796;https://subirananadons.com/20936/sábana-70-sunshine.jpg;"Sábana 60 Sunshine";"B41 603 00";Sábanas;43.801653;53;0;1
9657;https://subirananadons.com/20215/manta-borrego-luigi.jpg;"Manta Borrego Luigi";1010031000000;Mantas;44.462810;53.8;0;1
9797;https://subirananadons.com/20938/funda-nórdica-60-loup.jpg;"Funda nórdica 60 Loup";B301;"Funda Nórdica";44.834711;54.25;0;1
9798;https://subirananadons.com/20939/funda-nórdica-60-confetty-ivory.jpg;"Funda nórdica 60 Confetty Ivory";B301;"Funda Nórdica";44.834711;54.25;0;1
9323;https://subirananadons.com/18620/bandolera-de-rejilla-quokkababy-menta.jpg;"Bandolera de rejilla Quokkababy Menta";QBBAN-DENIM;"Fulares y bandoleras";45.371901;54.9;0;1
9429;https://subirananadons.com/19153/organizador-joolz-sandy-taupe.jpg;"Organizador Joolz Sandy Taupe";560033;Bolsas;45.413223;54.95;-1;1
9380;https://subirananadons.com/18886/flexi-bath-xl-arena.jpg;"Flexi Bath XL Arena";328801;"Bañeras y soportes";48.760331;59;0;1
9423;https://subirananadons.com/19123/fular-elástico-de-modal-love-and-carry-biscuit.jpg;"Fular elástico de Modal  Love and Carry Biscuit";LC450;"Fulares y bandoleras";48.760331;59;-2;1
9504;https://subirananadons.com/19516/fular-elástico-de-modal-love-and-carry-muscat.jpg;"Fular elástico de Modal  Love and Carry Muscat";LC450;"Fulares y bandoleras";48.760331;59;0;1
9583;https://subirananadons.com/19887/baby-set-terracotta.jpg;"Baby Set Terracotta";159320;Tronas;48.760331;59;-1;1
9603;https://subirananadons.com/19974/fular-elástico-de-modal-love-and-carry-masala.jpg;"Fular elástico de Modal  Love and Carry Masala";LC456;"Fulares y bandoleras";48.760331;59;0;1
9538;https://subirananadons.com/19678/protector-60-gris-claro.jpg;"Protector 60 Gris Claro";PC.060.05;Protectores;49.504132;59.9;0;1
9433;https://subirananadons.com/19170/organizador-stroller-bag-negro.jpg;"Organizador Stroller Bag Negro";7043880;Bolsas;49.545455;59.95;-6;1
9434;https://subirananadons.com/19176/bolsa-isotérmica-croco-papaya.jpg;"Bolsa isotérmica Croco Papaya";7133826;"Botes y fiambreras";49.545455;59.95;-1;1
9520;https://subirananadons.com/19599/bolso-cambiador-tote-acolchado-negro.jpg;"Bolso cambiador Tote acolchado Negro";7043990;"Bolsas maternales";49.545455;59.95;-1;1
9600;https://subirananadons.com/19943/organizador-stroller-bag-arena.jpg;"Organizador Stroller Bag Arena";7043889;Bolsas;49.545455;59.95;0;1
9836;https://subirananadons.com/21083/plástico-de-lluvia-bugaboo-fox-5.jpg;"Plástico de lluvia Bugaboo Fox 5";230540ZW01;Varios;49.545455;59.95;0;1
9267;https://subirananadons.com/18349/sábana-60-hojas.jpg;"Sábana 70 Hojas";T60.CT.17;Sábanas;52.066116;63;-1;1
9360;https://subirananadons.com/18774/sábana-7080-lisa-crudo-orgánico.jpg;"Sábana 70/80 lisa Crudo orgánico";T.070.LIS.17;Sábanas;52.066116;63;0;1
9400;https://subirananadons.com/18981/relleno-nórdico-60-aloe-vera-ros.jpg;"Relleno nórdico 60 Aloe Vera Ros";TE1167;"Funda Nórdica";52.892562;64;0;1
9800;https://subirananadons.com/20945/protector-60-starry-night.jpg;"Protector 60 Starry Night";"B311 904 01";Protectores;52.892562;64;0;1
9273;https://subirananadons.com/18377/cambiador-confetti-arena.jpg;"Cambiador Confetti Arena";3223839;"Cambiadores y fundas";53.677686;64.95;-1;1
9332;https://subirananadons.com/18659/cambiador-lalee-arena.jpg;"Cambiador Lalee Arena";3229679;"Cambiadores y fundas";53.677686;64.95;0;1
9500;https://subirananadons.com/19497/sábana-70-sunshine.jpg;"Sábana 70 Sunshine";"B42 603 00";Sábanas;53.719008;65;-1;1
9856;https://subirananadons.com/21188/sábana-70-forest.jpg;"Sábana 70 Forest";"B42 989 00";Sábanas;53.719008;65;0;1
9858;https://subirananadons.com/21191/sábana-70-starry-night.jpg;"Sábana 70 Starry Night";"B42 90 401";Sábanas;53.719008;65;0;1
9396;https://subirananadons.com/18975/funda-nórdica-60-liso-linen.jpg;"Funda nórdica 60 Liso Linen";TE1152;"Funda Nórdica";54.545455;66;0;1
9378;https://subirananadons.com/18877/flexi-bath-bundle-transparente-arena.jpg;"Flexi Bath Bundle Arena";328803;"Bañeras y soportes";57.024793;69;-3;1
9418;https://subirananadons.com/19091/peppa-pig-first-light.jpg;"Peppa Pig First Light";DB30PP;"Luces y decoración";57.024793;69;0;1
9656;https://subirananadons.com/20209/snoopy-first-light.jpg;"Snoopy First Light";DB30SP;"Luces y decoración";57.024793;69;0;1
9664;https://subirananadons.com/20243/flexi-bath-bundle-azul-océano.jpg;"Flexi Bath Bundle Azul Océano";328803;"Bañeras y soportes";57.024793;69;-1;1
9665;https://subirananadons.com/20246/flexi-bath-bundle-lavanda.jpg;"Flexi Bath Bundle Lavanda";328803;"Bañeras y soportes";57.024793;69;0;1
9667;https://subirananadons.com/20255/flexi-bath-xl-mickey-celebration.jpg;"Flexi Bath XL Mickey Celebration";328801;"Bañeras y soportes";57.024793;69;0;1
9790;https://subirananadons.com/20907/colchoneta-integral-bugaboo-de-confort-doble-rojo-cereza.jpg;"Colchoneta integral Bugaboo de confort doble Rojo Cereza";100038014;Colchonetas;57.809917;69.95;0;1
9833;https://subirananadons.com/21067/colchoneta-integral-bugaboo-de-confort-doble-moon-grey.jpg;"Colchoneta integral Bugaboo de confort doble Moon Grey";100038014;Colchonetas;57.809917;69.95;0;1
9621;https://subirananadons.com/20046/bolso-mommy-club-polipiel-marrón.jpg;"Bolso Mommy Club Polipiel Marrón";CWMCSLBR;Bolsas;57.851240;70;0;1
9622;https://subirananadons.com/20054/bolso-mommy-club-canvas-verde.jpg;"Bolso Mommy Club Canvas Verde";CWMCSCGR;Bolsas;57.851240;70;0;1
9623;https://subirananadons.com/20063/bolso-mommy-club-polipiel-negro.jpg;"Bolso Mommy Club Polipiel Negro";CWMCSLBL;Bolsas;57.851240;70;0;1
9268;https://subirananadons.com/18354/asiento-de-tela-para-hamaca-balance-soft-jersey-beigegris.jpg;"Asiento de tela para hamaca Balance Soft Jersey Beige/Gris";010183;Hamacas;61.900826;74.9;-1;1
9492;https://subirananadons.com/19473/asiento-de-tela-para-hamaca-bliss-pétalo-acolchado-rosa-palo.jpg;"Asiento de tela para hamaca Bliss Pétalo acolchado Rosa Palo";012322;Hamacas;61.900826;74.9;0;1
9457;https://subirananadons.com/19977/saco-capazo-capucha-interior-bambula-crema-anaïs.jpg;"Saco Capazo capucha interior Bambula crema Anaïs";9702301000000;"Sacos capazo y g.0";62.727273;75.9;-1;1
9274;https://subirananadons.com/18378/pack-nórdico-protector-90x50-sena-grismostaza.jpg;"Pack nórdico + protector 90x50 Sena Gris/Mostaza";TECNP90X50SEGRM;"Funda Nórdica";62.809917;76;0;1
9397;https://subirananadons.com/18976/protector-60-liso-malva.jpg;"Protector 60 Liso Malva";TE1026;Protectores;62.809917;76;-1;1
9467;https://subirananadons.com/19359/pack-nórdico-protector-90x50-sena-gris.jpg;"Pack nórdico + protector 90x50 Sena Gris";TECNP90X50SEGRM;"Funda Nórdica";62.809917;76;0;1
9477;https://subirananadons.com/19400/funda-nórdica-6070-libélulas.jpg;"Funda nórdica 60/70 Libélulas";FN60/70.H.17;"Funda Nórdica";64.380165;77.9;0;1
9304;https://subirananadons.com/18507/saco-capazo-buba-paper-boat.jpg;"Saco capazo Buba Paper Boat";"B044 405 00";"Sacos capazo y g.0";64.462810;78;0;1
9322;https://subirananadons.com/18614/saco-capazo-buba-sunshine.jpg;"Saco capazo Buba Sunshine";"B044 255 70";"Sacos capazo y g.0";64.462810;78;-4;1
9329;https://subirananadons.com/18648/saco-capazo-buba-waffle-curry.jpg;"Saco capazo Buba Waffle Curry";"B044 255 70";"Sacos capazo y g.0";64.462810;78;-2;1
9479;https://subirananadons.com/19407/saco-capazo-buba-luna.jpg;"Saco capazo Buba Luna";"B044 255 70";"Sacos capazo y g.0";64.462810;78;-1;1
9483;https://subirananadons.com/19424/saco-capazo-buba-forest.jpg;"Saco capazo Buba Forest";"B044 255 70";"Sacos capazo y g.0";64.462810;78;-1;1
9485;https://subirananadons.com/19437/saco-capazo-buba-starry-night.jpg;"Saco capazo Buba Starry Night";"B044 255 70";"Sacos capazo y g.0";64.462810;78;-1;1
9680;https://subirananadons.com/20308/portabebés-wildride-dirty-desert.jpg;"Portabebés Wildride Dirty Desert";WR2510033;"Fulares y bandoleras";65.289255;79;0;1
9681;https://subirananadons.com/20315/portabebés-wildride-negro.jpg;"Portabebés Wildride Negro";WR2510003;"Fulares y bandoleras";65.289255;79;0;1
9682;https://subirananadons.com/20325/portabebés-wildride-fern.jpg;"Portabebés Wildride Fern";WR2510036;"Fulares y bandoleras";65.289255;79;0;1
9683;https://subirananadons.com/20331/portabebés-wildride-beige.jpg;"Portabebés Wildride Beige";WR2510009;"Fulares y bandoleras";65.289255;79;0;1
9684;https://subirananadons.com/20340/portabebés-wildride-iron.jpg;"Portabebés Wildride Iron";WR2510009;"Fulares y bandoleras";65.289255;79;0;1
9661;https://subirananadons.com/20227/bolso-walk-luigi.jpg;"Bolso Walk Luigi";1010021001000;Bolsas;66.115702;80;0;1
9460;https://subirananadons.com/19576/cambiador-blando-softy-green.jpg;"Cambiador blando Softy Green";145053;"Cambiadores y fundas";70.247934;85;-3;1
9518;https://subirananadons.com/19590/cambiador-blando-softy-taupe.jpg;"Cambiador blando Softy Taupe";145053;"Cambiadores y fundas";70.247934;85;0;1
9789;https://subirananadons.com/20900/cambiador-de-fibras-naturales.jpg;"Cambiador de fibras naturales";JA02;"Cambiadores y fundas";71.074380;86;0;1
9350;https://subirananadons.com/18769/kit-colecho-cuna-tesori-120x60.jpg;"Kit Colecho cuna Tesori 120x60";KCOL120X60;"Cuna, colecho y moisés";71.900826;87;0;1
9480;https://subirananadons.com/19411/barrera-baby-dan-asta-negro.jpg;"Barrera Baby Dan Asta Negro";500874;"Barandillas de escalera";73.471074;88.9;0;1
9686;https://subirananadons.com/20348/portabebés-wildride-lino-arena.jpg;"Portabebés Wildride Lino Arena";WR2510050;"Fulares y bandoleras";73.553719;89;0;1
9727;https://subirananadons.com/20538/portabebés-wildride-leopardo-gris.jpg;"Portabebés Wildride Leopardo Gris";WR2510006;"Fulares y bandoleras";73.553719;89;0;1
9359;https://subirananadons.com/18766/protector-6070-waves-arena.jpg;"Protector 60/70 Waves Arena";2323780;Protectores;74.338843;89.95;0;1
9542;https://subirananadons.com/19699/bolso-cambiador-acolchado-negro.jpg;"Bolso cambiador acolchado Negro";7043600;"Bolsas maternales";74.338843;89.95;0;1
9791;https://subirananadons.com/20914/thule-baby-supporter.jpg;"Thule Baby Supporter";20201518;Varios;74.338843;89.95;0;1
9487;https://subirananadons.com/19451/nido-niu-starry-night.jpg;"Nido Niu Starry Night";B4740500;"Cojín nido";75.206612;91;-1;1
9495;https://subirananadons.com/19480/nido-sunshine.jpg;"Nido Sunshine";"B47 255 01";"Cojín nido";75.206612;91;-2;1
9424;https://subirananadons.com/19129/pieza-cambiador-cómoda-ros.jpg;"Pieza cambiador cómoda Ros";3594N;Mobiliario;76.033058;92;-2;1
9303;https://subirananadons.com/18499/bicicleta-equilibrio-manu-verde-topmark.jpg;"Bicicleta Equilibrio Manu Verde Topmark";T6078GN0122;Varios;78.504132;94.99;0;1
9650;https://subirananadons.com/20192/bolso-maternal-luigi.jpg;"Bolso maternal Luigi";1010031000000;"Bolsas maternales";82.561983;99.9;-3;1
9831;https://subirananadons.com/21061/bolso-maternal-etna.jpg;"Bolso maternal Etna";930031300;"Bolsas maternales";82.561983;99.9;0;1
9843;https://subirananadons.com/21105/bolso-maternal-emily.jpg;"Bolso maternal Emily";920030000;"Bolsas maternales";82.561983;99.9;0;1
9330;https://subirananadons.com/18654/capota-ventilada-bugaboo-donkey-verde-grisáceo.jpg;"Capota ventilada Bugaboo Donkey Dune Taupe";S001261D3022;Capotas;82.603306;99.95;0;1
9432;https://subirananadons.com/19162/capota-bugaboo-fox-5-blanco-niebla.jpg;"Capota Bugaboo Fox 5 Blanco Niebla";100167014;Capotas;82.603306;99.95;-1;1
9835;https://subirananadons.com/21077/capota-ventilada-bugaboo-fox-5-moon-grey.jpg;"Capota ventilada Bugaboo Fox 5 Moon Grey";100221005;Capotas;82.603306;99.95;0;1
9481;https://subirananadons.com/19453/alfombra-de-actividades-lalee-arena.jpg;"Alfombra de actividades Lalee Arena";4123629;"Alfombras de actividades";90.867769;109.95;0;1
9740;https://subirananadons.com/20593/alfombra-de-actividades-tiny-farm-verde.jpg;"Alfombra de actividades Tiny Farm Verde";4153553;"Alfombras de actividades";90.867769;109.95;0;1
9271;https://subirananadons.com/18372/colchón-volana-mini-90x50.jpg;"Colchón Volana 90x50";volana;"Colchones y protectores";98.347107;119;-1;1
9668;https://subirananadons.com/20552/intercomunicador-digimonitor-35-compact.jpg;"Intercomunicador Digimonitor 3.5"" Compact";89626;Intercomunicadores;98.347107;119;-5;1
9377;https://subirananadons.com/18871/bolso-joolz-sandy-taupe.jpg;"Bolso Joolz Sandy Taupe";560050;Bolsas;99.132231;119.95;-1;1
9497;https://subirananadons.com/19490/bolso-mochila-joolz-andy-taupe.jpg;"Bolso mochila Joolz andy Taupe";560050;Bolsas;99.132231;119.95;0;1
9792;https://subirananadons.com/21029/thule-chariot-infant-sling.jpg;"Thule Chariot Infant Sling";20201531;Varios;99.132231;119.95;0;1
9419;https://subirananadons.com/19100/miffy-star-light.jpg;"Miffy Star Light";SL50MFF;"Luces y decoración";106.611570;129;0;1
9511;https://subirananadons.com/19557/newborn-set-nomi-negroarena-grisáceo.jpg;"Newborn set Nomi Negro/Arena Grisáceo";625906;Tronas;106.611570;129;-1;1
9301;https://subirananadons.com/18490/saco-joolz-hazel-brown.jpg;"Saco Joolz Hazel Brown";560211;"Sacos silla";107.396693;129.95;0;1
9793;https://subirananadons.com/20919/alfombra-de-actividades-mr-lion.jpg;"Alfombra de actividades Mr. Lion";24-862;"Alfombras de actividades";107.429752;129.99;-1;1
9813;https://subirananadons.com/20990/alfombra-de-actividades-mr-dino.jpg;"Alfombra de actividades Mr. Dino";24-862;"Alfombras de actividades";107.429752;129.99;0;1
9420;https://subirananadons.com/19109/mr-maria-lia-lamp.jpg;"Mr. Maria Lia Lamp";;"Luces y decoración";107.438017;130;0;1
9462;https://subirananadons.com/19336/pack-funda-nórdica-60-protector-happy.jpg;"Pack funda nórdica 60 + protector Happy";"E35 602 00";"Funda Nórdica";117.272727;141.9;0;1
9607;https://subirananadons.com/19986/pack-funda-nórdica-60-protector-cosmos-rosa.jpg;"Pack funda nórdica 60 + protector Cosmos Rosa";"E35 771 70";"Funda Nórdica";117.272727;141.9;0;1
9448;https://subirananadons.com/19263/mochila-portabebés-e-carrier-silver-diamond.jpg;"Mochila portabebés E-Carrier Silver Diamond";ecarriergreen;Mochilas;123.884298;149.9;-5;1
9455;https://subirananadons.com/19305/mochila-portabebés-e-carrier-taupe-leaves.jpg;"Mochila portabebés E-Carrier Taupe Leaves";ecarriergreen;Mochilas;123.884298;149.9;-1;1
9784;https://subirananadons.com/20881/mochila-portabebés-one-love-and-carry-forest.jpg;"Mochila portabebés One Love and Carry Forest";LC581;Mochilas;127.272727;154;0;1
9373;https://subirananadons.com/18857/pack-funda-nórdica-protector-mr-tender.jpg;"Pack funda nórdica + protector Mr. Tender";"E36 403 00";"Funda Nórdica";128.842975;155.9;-1;1
9363;https://subirananadons.com/18802/silla-para-bicicleta-thule-yepp-2-maxi-azul-egeo.jpg;"Silla para bicicleta Thule Yepp 2 maxi Azul Egeo";12021303;"Silla para bici";132.190081;159.95;0;1
9534;https://subirananadons.com/19669/pack-funda-nórdica-60-protector-relleno-forest.jpg;"Pack Funda nórdica 60 + protector + relleno Forest";"B27 989 00";"Funda Nórdica";133.057851;161;0;1
9713;https://subirananadons.com/20555/intercomunicador-digimonitor-5-hd.jpg;"Intercomunicador Digimonitor 5"" HD";89627;Intercomunicadores;139.669421;169;0;1
9848;https://subirananadons.com/21128/pack-saco-de-invierno-y-guantes-nuna-caviar-dark.jpg;"Pack saco de invierno y guantes Nuna Caviar Dark";"pack nuna";"Sacos silla";139.669421;169;0;1
9517;https://subirananadons.com/19574/pack-funda-nórdica-60-protector-relleno-starry-night.jpg;"Pack Funda nórdica 60 + protector + relleno Starry Night";"B27 255 01";"Funda Nórdica";141.322314;171;-1;1
9351;https://subirananadons.com/18734/pack-nórdico-protector-120x60-sena-verde-botella.jpg;"Pack nórdico + protector 120x60 Sena Verde Botella";TECNP90X50SEVEB;"Funda Nórdica";149.586777;181;0;1
9857;https://subirananadons.com/21190/pack-funda-nórdica-70-protector-relleno-forest.jpg;"Pack Funda nórdica 70 + protector + relleno Forest";"B28 989 00";"Funda Nórdica";153.719008;186;0;1
9344;https://subirananadons.com/18709/trona-stokke-clikk-blanco.jpg;"Trona Stokke Clikk Blanco";552004;Tronas;156.198347;189;0;1
9812;https://subirananadons.com/20986/pack-funda-nórdica-70-protector-relleno-sunshine.jpg;"Pack Funda nórdica 70 + protector + relleno Sunshine";"B28 603 00";"Funda Nórdica";159.917355;193.5;0;1
9454;https://subirananadons.com/19300/capazo-silla-gemelar-venttwin-moon.jpg;"Capazo silla gemelar Venttwin Moon";N1021;Gemelos;164.462810;199;0;1
9701;https://subirananadons.com/20438/sacaleches-elvie-stride-2.jpg;"Sacaleches Elvie Stride 2";EVEB0121;"Extractores de leche";164.462810;199;0;1
9310;https://subirananadons.com/18533/hamaca-bliss-pétalo-acolchado-arena.jpg;"Hamaca Bliss Pétalo acolchado Arena";006021;Hamacas;165.206612;199.9;-2;1
9382;https://subirananadons.com/18891/hamaca-balance-soft-tri-fabric-beige-claro.jpg;"Hamaca Balance Soft Tri-Fabric Beige Claro";005130;Hamacas;165.206612;199.9;-3;1
9587;https://subirananadons.com/19899/hamaca-balance-soft-tri-fabric-gris-oscuro.jpg;"Hamaca Balance Soft Tri-Fabric Gris Oscuro";005130;Hamacas;165.206612;199.9;-2;1
9746;https://subirananadons.com/20636/joie-i-traver-signature-sandstone.jpg;"Joie I-Traver Signature Sandstone";C1903BASDS000;"Grup 2-3";165.247934;199.95;0;1
9747;https://subirananadons.com/20644/joie-i-traver-signature-ebony.jpg;"Joie I-Traver Signature Ebony";C1903BAEBN000;"Grup 2-3";165.247934;199.95;0;1
9748;https://subirananadons.com/20656/joie-i-traver-signature-evergreen.jpg;"Joie I-Traver Signature Evergreen";C1903BAEVG000;"Grup 2-3";165.247934;199.95;0;1
9781;https://subirananadons.com/20853/steadi-r129-shale.jpg;"Steadi R129 Shale";C2115BASHA000;"Grupo 0-1";165.247934;199.95;0;1
9291;https://subirananadons.com/18436/somnia-grey-melange.jpg;"Somnia Grey Melange";ESMIGRPLSO;"Cunas de viaje";165.280992;199.99;-2;1
9808;https://subirananadons.com/20972/trona-living-space-sand.jpg;"Trona Living Space Sand";Living;Tronas;197.520661;239;0;1
9743;https://subirananadons.com/20611/silla-bugaboo-turtle-air-by-nuna-negro.jpg;"Silla Bugaboo Turtle Air by Nuna Negro";S002789005;"Grupo 0+";205.785124;249;0;1
9298;https://subirananadons.com/18470/tripp-trapp-terracota.jpg;"Tripp Trapp Terracotta";100101;Tronas;214.049587;259;-2;1
9510;https://subirananadons.com/19548/trona-nomi-naturalnegro.jpg;"Trona Nomi Natural/Negro";626504;Tronas;214.049587;259;-1;1
9776;https://subirananadons.com/20815/capazo-joolz-hub-2-sage-green.jpg;"Capazo Joolz Hub 2 Sage Green";100001;Cochecitos;214.049587;259;0;1
9829;https://subirananadons.com/21054/capazo-joolz-aer-navy-blue.jpg;"Capazo Joolz Aer+ Navy Blue";309020;Cochecitos;214.049587;259;0;1
9349;https://subirananadons.com/18772/cuna-tesori-120x60.jpg;"Cuna Tesori 120x60";LTESBL;"Cuna, colecho y moisés";222.314050;269;-4;1
9685;https://subirananadons.com/20379/pack-tripp-trapp-blanqueada-baby-set-blanco.jpg;"Pack Tripp Trapp Blanqueada + Baby Set Blanco";684700;Tronas;247.107438;299;-1;1
9697;https://subirananadons.com/20385/pack-tripp-trapp-natural-baby-set-negro.jpg;"Pack Tripp Trapp Natural + Baby Set Negro";684500;Tronas;247.107438;299;0;1
9714;https://subirananadons.com/20462/pack-tripp-trapp-terracotta-baby-set-negro.jpg;"Pack Tripp Trapp Terracotta + Baby Set Negro";684500;Tronas;247.107438;299;0;1
9729;https://subirananadons.com/20544/pack-tripp-trapp-natural-baby-set-terracotta.jpg;"Pack Tripp Trapp Natural + Baby Set Terracotta";684500;Tronas;247.107438;299;-1;1
9782;https://subirananadons.com/20858/pack-tripp-trapp-natural-baby-set-blanco.jpg;"Pack Tripp Trapp Natural + Baby Set Blanco";684500;Tronas;247.107438;299;0;1
9364;https://subirananadons.com/18809/capazo-thule-black.jpg;"Capazo Thule Black";20110754;Cochecitos;247.892562;299.95;0;1
9810;https://subirananadons.com/20979/pack-tripp-trapp-natural-baby-set-blanco-bandeja-blanca.jpg;"Pack Tripp Trapp Natural + Baby Set Blanco + Bandeja Blanca";684500;Tronas;271.900826;329;0;1
9458;https://subirananadons.com/19317/cómoda-box-con-zócalo-y-6-cajones.jpg;"Cómoda BOX con zócalo y 6 cajones";8939Z;Mobiliario;322.314050;390;-1;1
9819;https://subirananadons.com/21008/pack-tripp-trapp-natural-newborn-baby-set-blanco.jpg;"Pack Tripp Trapp Natural + Newborn + Baby Set Blanco";684500;Tronas;329.752066;399;0;1
9550;https://subirananadons.com/19752/cuna-luxor-colecho-120x60.jpg;"Cuna Luxor Colecho 120x60";8950;Mobiliario;375.206612;454;0;1
9270;https://subirananadons.com/18367/minicuna-doco-90x50-blanconatural-colchón-téxtil-sena-grismostaza.jpg;"Minicuna Doco 90x50 Blanco/Natural + colchón + téxtil Sena Gris/Mostaza";VMIDOCBLSGR;"Cuna, colecho y moisés";376.033058;455;0;1
9289;https://subirananadons.com/18427/minicuna-doco-90x50-blanconatural-colchón-téxtil-sena-verde-menta.jpg;"Minicuna Doco 90x50 Blanco/Natural + colchón + téxtil Sena Verde Menta";VMIDOCBLSGR;"Cuna, colecho y moisés";376.033058;455;-1;1
9299;https://subirananadons.com/18476/joolz-aer-hazel-brown.jpg;"Joolz Aer+ Hazel Brown";309020;"Sillas de paseo";379.338843;459;0;1
9592;https://subirananadons.com/19921/silla-de-paseo-butterfly-desert-taupe.jpg;"Silla de paseo Butterfly Desert Taupe";PV005047;"Sillas de paseo";379.338843;459;0;1
9809;https://subirananadons.com/20975/cuna-lago-140x70.jpg;"Cuna Lago 140x70";140LAC;Mobiliario;388.429752;470;0;1
9780;https://subirananadons.com/20843/joie-i-harbour-signature-ebony-i-base-encore.jpg;"Joie i-Harbour Signature Ebony + i-Base Encore";I2104ABEBN000;"Grupo 0-1";413.181818;499.95;0;1
9854;https://subirananadons.com/21176/joie-i-spin-xl-signature-eclipse.jpg;"Joie i-Spin XL Signature Eclipse";C2205ABECL000;"Grupo 0-1-2-3";413.181818;499.95;0;1
9855;https://subirananadons.com/21185/joie-i-prodigi-signature-eclipse.jpg;"Joie i-Prodigi Signature Eclipse";C2103ABECL000;"Grup 0-1-2";413.181818;499.95;0;1
9453;https://subirananadons.com/19289/silla-gemelar-venttwin-moon.jpg;"Silla gemelar Venttwin Moon";N9411;Gemelos;495.041322;599;0;1
9528;https://subirananadons.com/19639/cuna-doco-120x60-blanco-colchón-téxtil-sena-verde-menta.jpg;"Cuna Doco 120x60 Blanco + colchón + téxtil Sena Verde Menta";LDOCBLNASGR;"Cuna, colecho y moisés";533.057851;645;0;1
9414;https://subirananadons.com/19961/axkid-minikid-4-tar.jpg;"Axkid Minikid 4 Tar";AX22150216;"Grup 0-1-2";537.107438;649.9;0;1
9415;https://subirananadons.com/19957/axkid-minikid-4-granite-melange.jpg;"Axkid Minikid 4 Granite Melange";AX22150221;"Grup 0-1-2";537.107438;649.9;0;1
9281;https://subirananadons.com/18401/cuna-doco-style-120x60-blanconatural-colchón-téxtil-sena-verde-botella.jpg;"Cuna Doco Style 120x60 Blanco/Natural + colchón + téxtil Sena Verde Botella";LDOCBLNANVEA;"Cuna, colecho y moisés";574.380165;695;0;1
9300;https://subirananadons.com/18484/joolz-aer-hazel-brown-capazo.jpg;"Joolz Aer+ Hazel Brown + capazo";309020;Cochecitos;593.388430;718;0;1
9443;https://subirananadons.com/19229/joolz-hub-2-space-black.jpg;"Joolz Hub 2 Space Black";100001;Cochecitos;660.330579;799;0;1
9316;https://subirananadons.com/18621/bugaboo-dragonfly-negronegro-medianocheazul-horizonte.jpg;"Bugaboo Dragonfly Negro/Negro Medianoche/Azul Horizonte";PV006720;Cochecitos;701.652893;849;0;1
9852;https://subirananadons.com/21156/axkid-one3-arctic-mist-grey.jpg;"Axkid ONE3+ Arctic Mist Grey";AX25120239;"Grup 0-1-2";702.396694;849.9;0;1
9442;https://subirananadons.com/19218/joolz-hub-2-space-black.jpg;"Joolz Hub 2 Space Black + capazo";100001;Cochecitos;874.380165;1058;-1;1
9670;https://subirananadons.com/20278/joolz-hub-2-sage-green-capazo.jpg;"Joolz Hub 2 Sage Green + capazo";100003;Cochecitos;874.380165;1058;0;1
9726;https://subirananadons.com/20527/joolz-hub-2-stone-grey-capazo.jpg;"Joolz Hub 2 Stone Grey + capazo";100005;Cochecitos;874.380165;1058;0;1
9794;https://subirananadons.com/20928/joolz-hub-2-sandy-taupe-capazo.jpg;"Joolz Hub 2 Sandy Taupe + capazo";100003;Cochecitos;874.380165;1058;0;1
9853;https://subirananadons.com/21165/joolz-hub-2-forest-green-capazo.jpg;"Joolz Hub 2 Forest Green + capazo";100003;Cochecitos;874.380165;1058;0;1
9783;https://subirananadons.com/20868/bugaboo-dragonfly-negrodesert-taupe-capazo-desert-taupe.jpg;"Bugaboo Dragonfly Negro/Desert Taupe + capazo Desert Taupe";PV006720;Cochecitos;949.586777;1149;0;1
9719;https://subirananadons.com/20485/bugaboo-fox-5-renew-negrodeep-indigo.jpg;"Bugaboo Fox 5 Renew Negro/Deep Indigo";PV007576;Cochecitos;1073.553719;1299;0;1
9723;https://subirananadons.com/20509/joolz-day-5-sandy-taupe.jpg;"Joolz Day 5 Sandy Taupe";Day5;Cochecitos;1073.553719;1299;0;1
9847;https://subirananadons.com/21127/bugaboo-fox-5-renew-negroheritage-black.jpg;"Bugaboo Fox 5 Renew Negro/Heritage Black";PV007571;Cochecitos;1073.553719;1299;0;1
9850;https://subirananadons.com/21142/bugaboo-fox-5-renew-negrodesert-taupe-melange.jpg;"Bugaboo Fox 5 Renew Negro/Desert Taupe Melange";PV007581;Cochecitos;1073.553719;1299;0;1
9293;https://subirananadons.com/18449/combertible-fusion.jpg;"Convertible Fusion con tapa arrastre";0108;Mobiliario;1181.818182;1430;0;1
